[{"model": "admin.logentry", "pk": 1, "fields": {"action_time": "2021-08-06T00:51:34.494Z", "user": 2, "content_type": 8, "object_id": "1", "object_repr": "Category object (1)", "action_flag": 1, "change_message": "[{\"added\": {}}]"}}, {"model": "admin.logentry", "pk": 2, "fields": {"action_time": "2021-08-06T00:52:36.408Z", "user": 2, "content_type": 7, "object_id": "1", "object_repr": "Case object (1)", "action_flag": 1, "change_message": "[{\"added\": {}}]"}}, {"model": "admin.logentry", "pk": 3, "fields": {"action_time": "2021-08-06T00:56:18.372Z", "user": 2, "content_type": 4, "object_id": "1", "object_repr": "dev", "action_flag": 3, "change_message": ""}}, {"model": "admin.logentry", "pk": 4, "fields": {"action_time": "2021-08-06T01:01:06.222Z", "user": 2, "content_type": 7, "object_id": "1", "object_repr": "Case #1", "action_flag": 2, "change_message": "[{\"changed\": {\"fields\": [\"Full image\"]}}]"}}, {"model": "admin.logentry", "pk": 5, "fields": {"action_time": "2021-08-06T01:03:20.595Z", "user": 2, "content_type": 7, "object_id": "1", "object_repr": "Case #1", "action_flag": 2, "change_message": "[{\"changed\": {\"fields\": [\"Link\"]}}]"}}, {"model": "admin.logentry", "pk": 6, "fields": {"action_time": "2021-08-06T01:25:39.024Z", "user": 2, "content_type": 8, "object_id": "2", "object_repr": "SEO", "action_flag": 1, "change_message": "[{\"added\": {}}]"}}, {"model": "admin.logentry", "pk": 7, "fields": {"action_time": "2021-08-06T01:26:17.606Z", "user": 2, "content_type": 7, "object_id": "2", "object_repr": "Case #2", "action_flag": 1, "change_message": "[{\"added\": {}}]"}}, {"model": "admin.logentry", "pk": 8, "fields": {"action_time": "2021-08-06T01:56:57.522Z", "user": 2, "content_type": 9, "object_id": "1", "object_repr": "ServiceCategory object (1)", "action_flag": 1, "change_message": "[{\"added\": {}}]"}}, {"model": "admin.logentry", "pk": 9, "fields": {"action_time": "2021-08-06T01:57:54.920Z", "user": 2, "content_type": 10, "object_id": "1", "object_repr": "Web design", "action_flag": 1, "change_message": "[{\"added\": {}}]"}}, {"model": "admin.logentry", "pk": 10, "fields": {"action_time": "2021-08-06T02:10:19.151Z", "user": 2, "content_type": 9, "object_id": "1", "object_repr": "Web design", "action_flag": 2, "change_message": "[]"}}, {"model": "admin.logentry", "pk": 11, "fields": {"action_time": "2021-08-06T03:26:55.877Z", "user": 2, "content_type": 11, "object_id": "1", "object_repr": "Web design", "action_flag": 1, "change_message": "[{\"added\": {}}]"}}, {"model": "admin.logentry", "pk": 12, "fields": {"action_time": "2021-08-06T03:31:15.184Z", "user": 2, "content_type": 11, "object_id": "1", "object_repr": "Web design", "action_flag": 2, "change_message": "[]"}}, {"model": "admin.logentry", "pk": 13, "fields": {"action_time": "2021-08-06T03:32:04.417Z", "user": 2, "content_type": 11, "object_id": "1", "object_repr": "Web design", "action_flag": 3, "change_message": ""}}, {"model": "admin.logentry", "pk": 14, "fields": {"action_time": "2021-08-06T03:32:27.937Z", "user": 2, "content_type": 11, "object_id": "2", "object_repr": "Web design", "action_flag": 1, "change_message": "[{\"added\": {}}]"}}, {"model": "admin.logentry", "pk": 15, "fields": {"action_time": "2021-08-06T03:34:11.778Z", "user": 2, "content_type": 11, "object_id": "2", "object_repr": "Web design", "action_flag": 2, "change_message": "[]"}}, {"model": "admin.logentry", "pk": 16, "fields": {"action_time": "2021-08-06T03:37:02.564Z", "user": 2, "content_type": 9, "object_id": "1", "object_repr": "Web design", "action_flag": 2, "change_message": "[{\"changed\": {\"fields\": [\"Article\"]}}]"}}, {"model": "admin.logentry", "pk": 17, "fields": {"action_time": "2021-08-06T03:54:53.039Z", "user": 2, "content_type": 11, "object_id": "2", "object_repr": "Web design", "action_flag": 2, "change_message": "[{\"changed\": {\"fields\": [\"Text\"]}}]"}}, {"model": "admin.logentry", "pk": 18, "fields": {"action_time": "2021-08-06T05:16:13.412Z", "user": 2, "content_type": 11, "object_id": "3", "object_repr": "SMM", "action_flag": 1, "change_message": "[{\"added\": {}}]"}}, {"model": "admin.logentry", "pk": 19, "fields": {"action_time": "2021-08-06T05:16:41.952Z", "user": 2, "content_type": 9, "object_id": "2", "object_repr": "SMM", "action_flag": 1, "change_message": "[{\"added\": {}}]"}}, {"model": "admin.logentry", "pk": 20, "fields": {"action_time": "2021-08-06T05:27:20.313Z", "user": 2, "content_type": 9, "object_id": "1", "object_repr": "Web design", "action_flag": 2, "change_message": "[]"}}, {"model": "admin.logentry", "pk": 21, "fields": {"action_time": "2021-08-06T06:17:10.979Z", "user": 2, "content_type": 12, "object_id": "3", "object_repr": "(3:ua:src\\locale)", "action_flag": 3, "change_message": ""}}, {"model": "admin.logentry", "pk": 22, "fields": {"action_time": "2021-08-06T06:17:10.992Z", "user": 2, "content_type": 12, "object_id": "2", "object_repr": "(2:en:src\\locale)", "action_flag": 3, "change_message": ""}}, {"model": "admin.logentry", "pk": 23, "fields": {"action_time": "2021-08-06T06:17:11.017Z", "user": 2, "content_type": 12, "object_id": "1", "object_repr": "(1:ru:src\\locale)", "action_flag": 3, "change_message": ""}}, {"model": "admin.logentry", "pk": 24, "fields": {"action_time": "2021-08-06T06:50:43.116Z", "user": 2, "content_type": 11, "object_id": "2", "object_repr": "Web design", "action_flag": 2, "change_message": "[{\"changed\": {\"fields\": [\"Image\"]}}]"}}, {"model": "admin.logentry", "pk": 25, "fields": {"action_time": "2021-08-06T06:51:05.720Z", "user": 2, "content_type": 11, "object_id": "2", "object_repr": "Web design", "action_flag": 2, "change_message": "[{\"changed\": {\"fields\": [\"Image\"]}}]"}}, {"model": "admin.logentry", "pk": 26, "fields": {"action_time": "2021-08-06T06:51:15.926Z", "user": 2, "content_type": 11, "object_id": "3", "object_repr": "SMM", "action_flag": 2, "change_message": "[{\"changed\": {\"fields\": [\"Image\"]}}]"}}, {"model": "admin.logentry", "pk": 27, "fields": {"action_time": "2021-08-06T22:18:15.788Z", "user": 2, "content_type": 11, "object_id": "3", "object_repr": "SMM", "action_flag": 2, "change_message": "[{\"added\": {\"name\": \"work point\", \"object\": \"WorkPoint object (1)\"}}, {\"added\": {\"name\": \"work point\", \"object\": \"WorkPoint object (2)\"}}, {\"added\": {\"name\": \"work point\", \"object\": \"WorkPoint object (3)\"}}]"}}, {"model": "admin.logentry", "pk": 28, "fields": {"action_time": "2021-08-06T22:24:39.786Z", "user": 2, "content_type": 11, "object_id": "3", "object_repr": "SMM", "action_flag": 2, "change_message": "[]"}}, {"model": "admin.logentry", "pk": 29, "fields": {"action_time": "2021-08-06T23:04:15.307Z", "user": 2, "content_type": 11, "object_id": "2", "object_repr": "Web design", "action_flag": 2, "change_message": "[{\"added\": {\"name\": \"work point\", \"object\": \"WorkPoint object (4)\"}}, {\"added\": {\"name\": \"work point\", \"object\": \"WorkPoint object (5)\"}}, {\"added\": {\"name\": \"work point\", \"object\": \"WorkPoint object (6)\"}}]"}}, {"model": "admin.logentry", "pk": 30, "fields": {"action_time": "2021-08-06T23:46:01.280Z", "user": 2, "content_type": 11, "object_id": "3", "object_repr": "SMM", "action_flag": 2, "change_message": "[{\"changed\": {\"fields\": [\"Text\"]}}]"}}, {"model": "admin.logentry", "pk": 31, "fields": {"action_time": "2021-08-07T01:01:14.840Z", "user": 2, "content_type": 17, "object_id": "2", "object_repr": "127.0.0.1", "action_flag": 1, "change_message": "[{\"added\": {}}]"}}, {"model": "admin.logentry", "pk": 32, "fields": {"action_time": "2021-08-07T01:01:45.474Z", "user": 2, "content_type": 21, "object_id": "1", "object_repr": "Oauth", "action_flag": 1, "change_message": "[{\"added\": {}}]"}}, {"model": "admin.logentry", "pk": 33, "fields": {"action_time": "2021-08-07T01:03:30.198Z", "user": 2, "content_type": 4, "object_id": "3", "object_repr": "sanyasashkabond32", "action_flag": 2, "change_message": "[{\"changed\": {\"fields\": [\"Staff status\"]}}]"}}, {"model": "admin.logentry", "pk": 34, "fields": {"action_time": "2021-08-06T23:52:48.827Z", "user": 2, "content_type": 3, "object_id": "1", "object_repr": "Employee", "action_flag": 1, "change_message": "[{\"added\": {}}]"}}, {"model": "admin.logentry", "pk": 35, "fields": {"action_time": "2021-08-06T23:52:54.189Z", "user": 2, "content_type": 4, "object_id": "3", "object_repr": "sanyasashkabond32", "action_flag": 2, "change_message": "[{\"changed\": {\"fields\": [\"Groups\"]}}]"}}, {"model": "admin.logentry", "pk": 36, "fields": {"action_time": "2021-08-07T00:26:55.075Z", "user": 2, "content_type": 3, "object_id": "1", "object_repr": "Employee", "action_flag": 2, "change_message": "[{\"changed\": {\"fields\": [\"Permissions\"]}}]"}}, {"model": "admin.logentry", "pk": 37, "fields": {"action_time": "2021-08-07T01:15:25.928Z", "user": 2, "content_type": 24, "object_id": "1", "object_repr": "Article object (1)", "action_flag": 1, "change_message": "[{\"added\": {}}]"}}, {"model": "admin.logentry", "pk": 38, "fields": {"action_time": "2021-08-07T01:15:45.001Z", "user": 2, "content_type": 24, "object_id": "1", "object_repr": "Article object (1)", "action_flag": 3, "change_message": ""}}, {"model": "admin.logentry", "pk": 39, "fields": {"action_time": "2021-08-07T01:16:18.694Z", "user": 2, "content_type": 24, "object_id": "2", "object_repr": "Article object (2)", "action_flag": 1, "change_message": "[{\"added\": {}}]"}}, {"model": "admin.logentry", "pk": 40, "fields": {"action_time": "2021-08-07T01:33:27.662Z", "user": 2, "content_type": 4, "object_id": "2", "object_repr": "admin", "action_flag": 2, "change_message": "[{\"changed\": {\"fields\": [\"Groups\"]}}]"}}, {"model": "admin.logentry", "pk": 41, "fields": {"action_time": "2021-08-07T01:34:07.988Z", "user": 2, "content_type": 4, "object_id": "3", "object_repr": "sanyasashkabond32", "action_flag": 2, "change_message": "[{\"changed\": {\"fields\": [\"Groups\"]}}]"}}, {"model": "admin.logentry", "pk": 42, "fields": {"action_time": "2021-08-07T01:34:18.777Z", "user": 2, "content_type": 4, "object_id": "3", "object_repr": "sanyasashkabond32", "action_flag": 2, "change_message": "[{\"changed\": {\"fields\": [\"Groups\"]}}]"}}, {"model": "admin.logentry", "pk": 43, "fields": {"action_time": "2021-08-07T01:36:28.850Z", "user": 2, "content_type": 4, "object_id": "3", "object_repr": "sanyasashkabond32", "action_flag": 2, "change_message": "[{\"changed\": {\"fields\": [\"Groups\"]}}]"}}, {"model": "admin.logentry", "pk": 44, "fields": {"action_time": "2021-08-07T01:36:49.870Z", "user": 2, "content_type": 4, "object_id": "3", "object_repr": "sanyasashkabond32", "action_flag": 2, "change_message": "[{\"changed\": {\"fields\": [\"Groups\"]}}]"}}, {"model": "admin.logentry", "pk": 45, "fields": {"action_time": "2021-08-07T01:43:21.472Z", "user": 2, "content_type": 4, "object_id": "3", "object_repr": "sanyasashkabond32", "action_flag": 2, "change_message": "[{\"changed\": {\"fields\": [\"Groups\"]}}]"}}, {"model": "admin.logentry", "pk": 46, "fields": {"action_time": "2021-08-07T01:43:35.738Z", "user": 2, "content_type": 4, "object_id": "3", "object_repr": "sanyasashkabond32", "action_flag": 2, "change_message": "[{\"changed\": {\"fields\": [\"Groups\"]}}]"}}, {"model": "admin.logentry", "pk": 47, "fields": {"action_time": "2021-08-07T02:22:54.545Z", "user": 2, "content_type": 4, "object_id": "3", "object_repr": "sanyasashkabond32", "action_flag": 2, "change_message": "[{\"changed\": {\"fields\": [\"Groups\"]}}]"}}, {"model": "admin.logentry", "pk": 48, "fields": {"action_time": "2021-08-07T02:23:07.325Z", "user": 2, "content_type": 4, "object_id": "3", "object_repr": "sanyasashkabond32", "action_flag": 2, "change_message": "[{\"changed\": {\"fields\": [\"Groups\"]}}]"}}, {"model": "admin.logentry", "pk": 49, "fields": {"action_time": "2021-08-07T02:24:23.242Z", "user": 2, "content_type": 4, "object_id": "3", "object_repr": "sanyasashkabond32", "action_flag": 2, "change_message": "[{\"changed\": {\"fields\": [\"Groups\"]}}]"}}, {"model": "admin.logentry", "pk": 50, "fields": {"action_time": "2021-08-07T02:24:33.324Z", "user": 2, "content_type": 4, "object_id": "3", "object_repr": "sanyasashkabond32", "action_flag": 2, "change_message": "[{\"changed\": {\"fields\": [\"Groups\"]}}]"}}, {"model": "admin.logentry", "pk": 51, "fields": {"action_time": "2021-08-07T02:26:53.410Z", "user": 2, "content_type": 4, "object_id": "3", "object_repr": "sanyasashkabond32", "action_flag": 2, "change_message": "[{\"changed\": {\"fields\": [\"Groups\"]}}]"}}, {"model": "admin.logentry", "pk": 52, "fields": {"action_time": "2021-08-07T02:27:26.777Z", "user": 2, "content_type": 4, "object_id": "3", "object_repr": "sanyasashkabond32", "action_flag": 2, "change_message": "[{\"changed\": {\"fields\": [\"Groups\"]}}]"}}, {"model": "admin.logentry", "pk": 53, "fields": {"action_time": "2021-08-07T02:29:47.909Z", "user": 2, "content_type": 4, "object_id": "3", "object_repr": "sanyasashkabond32", "action_flag": 2, "change_message": "[]"}}, {"model": "admin.logentry", "pk": 54, "fields": {"action_time": "2021-08-07T02:31:26.236Z", "user": 2, "content_type": 4, "object_id": "3", "object_repr": "sanyasashkabond32", "action_flag": 2, "change_message": "[]"}}, {"model": "admin.logentry", "pk": 55, "fields": {"action_time": "2021-08-07T02:31:40.218Z", "user": 2, "content_type": 4, "object_id": "3", "object_repr": "sanyasashkabond32", "action_flag": 2, "change_message": "[{\"changed\": {\"fields\": [\"Groups\"]}}]"}}, {"model": "admin.logentry", "pk": 56, "fields": {"action_time": "2021-08-07T02:39:50.222Z", "user": 2, "content_type": 4, "object_id": "3", "object_repr": "sanyasashkabond32", "action_flag": 2, "change_message": "[{\"changed\": {\"fields\": [\"Groups\"]}}]"}}, {"model": "admin.logentry", "pk": 57, "fields": {"action_time": "2021-08-07T03:08:50.512Z", "user": 2, "content_type": 24, "object_id": "2", "object_repr": "test - sanyasashkabond32", "action_flag": 2, "change_message": "[{\"changed\": {\"fields\": [\"Category\"]}}]"}}, {"model": "admin.logentry", "pk": 58, "fields": {"action_time": "2021-08-07T03:17:33.640Z", "user": 2, "content_type": 24, "object_id": "2", "object_repr": "test - sanyasashkabond32", "action_flag": 2, "change_message": "[]"}}, {"model": "admin.logentry", "pk": 59, "fields": {"action_time": "2021-08-07T03:22:18.343Z", "user": 2, "content_type": 24, "object_id": "2", "object_repr": "test - sanyasashkabond32", "action_flag": 2, "change_message": "[]"}}, {"model": "admin.logentry", "pk": 60, "fields": {"action_time": "2021-08-07T03:24:43.971Z", "user": 2, "content_type": 24, "object_id": "2", "object_repr": "test - sanyasashkabond32", "action_flag": 2, "change_message": "[{\"changed\": {\"fields\": [\"Text\"]}}]"}}, {"model": "admin.logentry", "pk": 61, "fields": {"action_time": "2021-08-07T03:41:57.111Z", "user": 2, "content_type": 24, "object_id": "3", "object_repr": "SMM Article - admin", "action_flag": 1, "change_message": "[{\"added\": {}}]"}}, {"model": "admin.logentry", "pk": 62, "fields": {"action_time": "2021-08-07T03:42:19.974Z", "user": 2, "content_type": 24, "object_id": "3", "object_repr": "SMM Article - sanyasashkabond32", "action_flag": 2, "change_message": "[{\"changed\": {\"fields\": [\"Author\"]}}]"}}, {"model": "admin.logentry", "pk": 63, "fields": {"action_time": "2021-08-07T03:43:04.416Z", "user": 2, "content_type": 24, "object_id": "3", "object_repr": "SMM Article - sanyasashkabond32", "action_flag": 2, "change_message": "[{\"changed\": {\"fields\": [\"Text\"]}}]"}}, {"model": "admin.logentry", "pk": 64, "fields": {"action_time": "2021-08-07T03:44:01.141Z", "user": 2, "content_type": 24, "object_id": "3", "object_repr": "SMM Article - sanyasashkabond32", "action_flag": 2, "change_message": "[{\"changed\": {\"fields\": [\"Text\"]}}]"}}, {"model": "admin.logentry", "pk": 65, "fields": {"action_time": "2021-08-09T19:58:55.965Z", "user": 2, "content_type": 24, "object_id": "3", "object_repr": "SMM Article - sanyasashkabond32", "action_flag": 2, "change_message": "[{\"changed\": {\"fields\": [\"Image\"]}}]"}}, {"model": "admin.logentry", "pk": 66, "fields": {"action_time": "2021-08-09T19:59:53.565Z", "user": 2, "content_type": 24, "object_id": "3", "object_repr": "SMM Article - sanyasashkabond32", "action_flag": 2, "change_message": "[]"}}, {"model": "admin.logentry", "pk": 67, "fields": {"action_time": "2021-08-09T20:01:37.638Z", "user": 2, "content_type": 24, "object_id": "2", "object_repr": "test - sanyasashkabond32", "action_flag": 2, "change_message": "[{\"changed\": {\"fields\": [\"Image\"]}}]"}}, {"model": "admin.logentry", "pk": 68, "fields": {"action_time": "2021-08-09T20:02:19.033Z", "user": 2, "content_type": 11, "object_id": "3", "object_repr": "SMM", "action_flag": 2, "change_message": "[]"}}, {"model": "admin.logentry", "pk": 69, "fields": {"action_time": "2021-08-09T20:02:56.629Z", "user": 2, "content_type": 11, "object_id": "2", "object_repr": "Web design", "action_flag": 2, "change_message": "[{\"changed\": {\"fields\": [\"Image\"]}}]"}}, {"model": "admin.logentry", "pk": 70, "fields": {"action_time": "2021-08-09T20:03:05.983Z", "user": 2, "content_type": 11, "object_id": "2", "object_repr": "Web design", "action_flag": 2, "change_message": "[{\"changed\": {\"fields\": [\"Image\"]}}]"}}, {"model": "admin.logentry", "pk": 71, "fields": {"action_time": "2021-08-09T20:06:54.475Z", "user": 2, "content_type": 7, "object_id": "2", "object_repr": "Case #2", "action_flag": 2, "change_message": "[{\"changed\": {\"fields\": [\"Mob image\", \"Full image\"]}}]"}}, {"model": "admin.logentry", "pk": 72, "fields": {"action_time": "2021-08-09T20:07:05.550Z", "user": 2, "content_type": 7, "object_id": "1", "object_repr": "Case #1", "action_flag": 2, "change_message": "[]"}}, {"model": "admin.logentry", "pk": 73, "fields": {"action_time": "2021-08-09T20:07:18.358Z", "user": 2, "content_type": 7, "object_id": "1", "object_repr": "Case #1", "action_flag": 2, "change_message": "[{\"changed\": {\"fields\": [\"Full image\"]}}]"}}, {"model": "admin.logentry", "pk": 74, "fields": {"action_time": "2021-08-09T22:27:24.818Z", "user": 2, "content_type": 27, "object_id": "7", "object_repr": "Comment object (7)", "action_flag": 2, "change_message": "[{\"changed\": {\"fields\": [\"Status\"]}}]"}}, {"model": "admin.logentry", "pk": 75, "fields": {"action_time": "2021-08-09T22:28:31.694Z", "user": 2, "content_type": 27, "object_id": "8", "object_repr": "Comment object (8)", "action_flag": 2, "change_message": "[{\"changed\": {\"fields\": [\"Status\"]}}]"}}, {"model": "admin.logentry", "pk": 76, "fields": {"action_time": "2021-08-09T22:41:18.370Z", "user": 2, "content_type": 27, "object_id": "6", "object_repr": "test - sanyasashkabond32", "action_flag": 2, "change_message": "[{\"changed\": {\"fields\": [\"Status\"]}}]"}}, {"model": "admin.logentry", "pk": 77, "fields": {"action_time": "2021-08-09T22:41:57.951Z", "user": 2, "content_type": 27, "object_id": "9", "object_repr": "test - admin", "action_flag": 2, "change_message": "[{\"changed\": {\"fields\": [\"Status\"]}}]"}}, {"model": "admin.logentry", "pk": 78, "fields": {"action_time": "2021-08-09T22:49:36.942Z", "user": 2, "content_type": 7, "object_id": "1", "object_repr": "Case #1", "action_flag": 2, "change_message": "[{\"changed\": {\"fields\": [\"Full image\"]}}]"}}, {"model": "admin.logentry", "pk": 79, "fields": {"action_time": "2021-08-09T22:49:38.209Z", "user": 2, "content_type": 7, "object_id": "1", "object_repr": "Case #1", "action_flag": 2, "change_message": "[{\"changed\": {\"fields\": [\"Full image\"]}}]"}}, {"model": "admin.logentry", "pk": 80, "fields": {"action_time": "2021-08-09T22:49:50.263Z", "user": 2, "content_type": 7, "object_id": "2", "object_repr": "Case #2", "action_flag": 2, "change_message": "[{\"changed\": {\"fields\": [\"Full image\"]}}]"}}, {"model": "admin.logentry", "pk": 81, "fields": {"action_time": "2021-08-09T22:52:18.026Z", "user": 2, "content_type": 27, "object_id": "10", "object_repr": "test - admin", "action_flag": 2, "change_message": "[{\"changed\": {\"fields\": [\"Status\"]}}]"}}, {"model": "admin.logentry", "pk": 82, "fields": {"action_time": "2021-08-10T00:41:59.775Z", "user": 2, "content_type": 13, "object_id": "13", "object_repr": "(13:Welcome, You are logged in as:en:src\\locale)", "action_flag": 2, "change_message": "[{\"changed\": {\"fields\": [\"Admin-translation_entry-translation-label\"]}}]"}}, {"model": "admin.logentry", "pk": 83, "fields": {"action_time": "2021-08-10T00:41:59.847Z", "user": 2, "content_type": 13, "object_id": "9", "object_repr": "(9:Welcome, You are logged in as:ru:src\\locale)", "action_flag": 2, "change_message": "[{\"changed\": {\"fields\": [\"Admin-translation_entry-translation-label\"]}}]"}}, {"model": "admin.logentry", "pk": 84, "fields": {"action_time": "2021-08-10T00:41:59.917Z", "user": 2, "content_type": 13, "object_id": "17", "object_repr": "(17:Welcome, You are logged in as:uk:src\\locale)", "action_flag": 2, "change_message": "[{\"changed\": {\"fields\": [\"Admin-translation_entry-translation-label\"]}}]"}}, {"model": "admin.logentry", "pk": 85, "fields": {"action_time": "2021-08-10T00:49:14.873Z", "user": 2, "content_type": 24, "object_id": "3", "object_repr": "SMM Article - sanyasashkabond32", "action_flag": 2, "change_message": "[{\"changed\": {\"fields\": [\"Text\"]}}]"}}, {"model": "admin.logentry", "pk": 86, "fields": {"action_time": "2021-08-10T00:53:10.164Z", "user": 2, "content_type": 24, "object_id": "3", "object_repr": "SMM Article - sanyasashkabond32", "action_flag": 2, "change_message": "[{\"changed\": {\"fields\": [\"Text before quote\"]}}]"}}, {"model": "admin.logentry", "pk": 87, "fields": {"action_time": "2021-08-10T00:53:49.400Z", "user": 2, "content_type": 24, "object_id": "3", "object_repr": "SMM Article - sanyasashkabond32", "action_flag": 2, "change_message": "[{\"changed\": {\"fields\": [\"Text before quote\", \"Text after quote\"]}}]"}}, {"model": "admin.logentry", "pk": 88, "fields": {"action_time": "2021-08-10T01:04:50.540Z", "user": 2, "content_type": 11, "object_id": "4", "object_repr": "Title seo", "action_flag": 1, "change_message": "[{\"added\": {}}, {\"added\": {\"name\": \"work point\", \"object\": \"WorkPoint object (7)\"}}, {\"added\": {\"name\": \"work point\", \"object\": \"WorkPoint object (8)\"}}, {\"added\": {\"name\": \"work point\", \"object\": \"WorkPoint object (9)\"}}]"}}, {"model": "admin.logentry", "pk": 89, "fields": {"action_time": "2021-08-10T01:05:17.752Z", "user": 2, "content_type": 9, "object_id": "3", "object_repr": "SEO", "action_flag": 1, "change_message": "[{\"added\": {}}]"}}, {"model": "admin.logentry", "pk": 90, "fields": {"action_time": "2021-08-10T01:08:25.785Z", "user": 2, "content_type": 24, "object_id": "4", "object_repr": "Seo article - backend", "action_flag": 1, "change_message": "[{\"added\": {}}]"}}, {"model": "admin.logentry", "pk": 91, "fields": {"action_time": "2021-08-10T01:33:22.837Z", "user": 2, "content_type": 27, "object_id": "16", "object_repr": "SMM Article - admin", "action_flag": 3, "change_message": ""}}, {"model": "admin.logentry", "pk": 92, "fields": {"action_time": "2021-08-10T01:33:22.867Z", "user": 2, "content_type": 27, "object_id": "15", "object_repr": "SMM Article - admin", "action_flag": 3, "change_message": ""}}, {"model": "admin.logentry", "pk": 93, "fields": {"action_time": "2021-08-10T01:33:22.896Z", "user": 2, "content_type": 27, "object_id": "14", "object_repr": "SMM Article - admin", "action_flag": 3, "change_message": ""}}, {"model": "admin.logentry", "pk": 94, "fields": {"action_time": "2021-08-10T01:44:42.486Z", "user": 2, "content_type": 24, "object_id": "5", "object_repr": "TTTL - admin", "action_flag": 1, "change_message": "[{\"added\": {}}]"}}, {"model": "admin.logentry", "pk": 95, "fields": {"action_time": "2021-08-10T01:45:03.212Z", "user": 2, "content_type": 24, "object_id": "5", "object_repr": "TTTL - admin", "action_flag": 2, "change_message": "[{\"changed\": {\"fields\": [\"Category\"]}}]"}}, {"model": "admin.logentry", "pk": 96, "fields": {"action_time": "2021-08-10T02:32:44.913Z", "user": 2, "content_type": 27, "object_id": "32", "object_repr": "test - admin", "action_flag": 2, "change_message": "[]"}}, {"model": "admin.logentry", "pk": 97, "fields": {"action_time": "2021-08-10T02:36:34.123Z", "user": 2, "content_type": 27, "object_id": "33", "object_repr": "test - admin", "action_flag": 2, "change_message": "[{\"changed\": {\"fields\": [\"Status\"]}}]"}}, {"model": "admin.logentry", "pk": 98, "fields": {"action_time": "2021-08-10T02:40:26.230Z", "user": 2, "content_type": 27, "object_id": "35", "object_repr": "test - admin", "action_flag": 2, "change_message": "[{\"changed\": {\"fields\": [\"Status\"]}}]"}}, {"model": "admin.logentry", "pk": 99, "fields": {"action_time": "2021-08-10T02:42:13.183Z", "user": 2, "content_type": 27, "object_id": "36", "object_repr": "test - backend", "action_flag": 2, "change_message": "[{\"changed\": {\"fields\": [\"Status\"]}}]"}}, {"model": "admin.logentry", "pk": 100, "fields": {"action_time": "2021-08-10T02:49:03.408Z", "user": 2, "content_type": 25, "object_id": "1", "object_repr": "Employee object (1)", "action_flag": 2, "change_message": "[{\"changed\": {\"fields\": [\"Position\"]}}]"}}, {"model": "admin.logentry", "pk": 101, "fields": {"action_time": "2021-08-10T02:55:19.861Z", "user": 2, "content_type": 11, "object_id": "5", "object_repr": "Web Development", "action_flag": 1, "change_message": "[{\"added\": {}}]"}}, {"model": "admin.logentry", "pk": 102, "fields": {"action_time": "2021-08-10T02:55:30.205Z", "user": 2, "content_type": 9, "object_id": "4", "object_repr": "Web development", "action_flag": 1, "change_message": "[{\"added\": {}}]"}}, {"model": "admin.logentry", "pk": 103, "fields": {"action_time": "2021-08-10T02:57:13.487Z", "user": 2, "content_type": 4, "object_id": "2", "object_repr": "admin", "action_flag": 2, "change_message": "[{\"changed\": {\"fields\": [\"First name\", \"Last name\"]}}]"}}, {"model": "admin.logentry", "pk": 104, "fields": {"action_time": "2021-08-10T02:58:00.312Z", "user": 2, "content_type": 27, "object_id": "36", "object_repr": "test - backend", "action_flag": 3, "change_message": ""}}, {"model": "admin.logentry", "pk": 105, "fields": {"action_time": "2021-08-10T03:20:14.224Z", "user": 2, "content_type": 29, "object_id": "1", "object_repr": "Review object (1)", "action_flag": 1, "change_message": "[{\"added\": {}}]"}}, {"model": "admin.logentry", "pk": 106, "fields": {"action_time": "2021-08-10T03:32:41.445Z", "user": 2, "content_type": 30, "object_id": "1", "object_repr": "Artes - founder", "action_flag": 1, "change_message": "[{\"added\": {}}]"}}, {"model": "admin.logentry", "pk": 107, "fields": {"action_time": "2021-08-10T03:39:01.804Z", "user": 2, "content_type": 30, "object_id": "2", "object_repr": "Andr - worker", "action_flag": 1, "change_message": "[{\"added\": {}}]"}}, {"model": "admin.logentry", "pk": 108, "fields": {"action_time": "2021-08-10T03:46:09.087Z", "user": 2, "content_type": 11, "object_id": "5", "object_repr": "Web Development", "action_flag": 2, "change_message": "[{\"added\": {\"name\": \"work point\", \"object\": \"WorkPoint object (10)\"}}, {\"added\": {\"name\": \"work point\", \"object\": \"WorkPoint object (11)\"}}, {\"added\": {\"name\": \"work point\", \"object\": \"WorkPoint object (12)\"}}]"}}, {"model": "admin.logentry", "pk": 109, "fields": {"action_time": "2021-08-10T19:16:23.838Z", "user": 2, "content_type": 9, "object_id": "4", "object_repr": "Web development", "action_flag": 2, "change_message": "[]"}}, {"model": "admin.logentry", "pk": 110, "fields": {"action_time": "2021-08-10T19:16:31.564Z", "user": 2, "content_type": 9, "object_id": "4", "object_repr": "Web development", "action_flag": 2, "change_message": "[]"}}, {"model": "admin.logentry", "pk": 111, "fields": {"action_time": "2021-08-10T19:16:36.873Z", "user": 2, "content_type": 9, "object_id": "3", "object_repr": "SEO", "action_flag": 2, "change_message": "[]"}}, {"model": "admin.logentry", "pk": 112, "fields": {"action_time": "2021-08-10T19:16:41.595Z", "user": 2, "content_type": 9, "object_id": "2", "object_repr": "SMM", "action_flag": 2, "change_message": "[]"}}, {"model": "admin.logentry", "pk": 113, "fields": {"action_time": "2021-08-10T19:16:46.531Z", "user": 2, "content_type": 9, "object_id": "1", "object_repr": "Web design", "action_flag": 2, "change_message": "[]"}}, {"model": "admin.logentry", "pk": 114, "fields": {"action_time": "2021-08-10T19:59:16.414Z", "user": 2, "content_type": 24, "object_id": "2", "object_repr": "test - sanyasashkabond32", "action_flag": 2, "change_message": "[{\"changed\": {\"fields\": [\"Text before quote\"]}}]"}}, {"model": "admin.logentry", "pk": 115, "fields": {"action_time": "2021-08-10T19:59:41.169Z", "user": 2, "content_type": 24, "object_id": "5", "object_repr": "TTTL - admin", "action_flag": 2, "change_message": "[{\"changed\": {\"fields\": [\"Text before quote\", \"Quote\", \"Text after quote\"]}}]"}}, {"model": "admin.logentry", "pk": 116, "fields": {"action_time": "2021-08-10T19:59:51.719Z", "user": 2, "content_type": 24, "object_id": "3", "object_repr": "SMM Article - sanyasashkabond32", "action_flag": 2, "change_message": "[{\"changed\": {\"fields\": [\"Text before quote\", \"Text after quote\"]}}]"}}, {"model": "admin.logentry", "pk": 117, "fields": {"action_time": "2021-08-10T20:00:13.325Z", "user": 2, "content_type": 24, "object_id": "4", "object_repr": "Seo article - backend", "action_flag": 2, "change_message": "[{\"changed\": {\"fields\": [\"Text before quote\", \"Quote\", \"Text after quote\"]}}]"}}, {"model": "admin.logentry", "pk": 118, "fields": {"action_time": "2021-08-10T20:01:20.205Z", "user": 2, "content_type": 27, "object_id": "37", "object_repr": "test - admin", "action_flag": 2, "change_message": "[{\"changed\": {\"fields\": [\"Status\"]}}]"}}, {"model": "admin.logentry", "pk": 119, "fields": {"action_time": "2021-08-10T20:02:55.718Z", "user": 2, "content_type": 27, "object_id": "38", "object_repr": "test - admin", "action_flag": 2, "change_message": "[{\"changed\": {\"fields\": [\"Status\"]}}]"}}, {"model": "admin.logentry", "pk": 120, "fields": {"action_time": "2021-08-10T21:48:40.697Z", "user": 2, "content_type": 4, "object_id": "4", "object_repr": "backend", "action_flag": 2, "change_message": "[{\"changed\": {\"fields\": [\"Groups\"]}}]"}}, {"model": "admin.logentry", "pk": 121, "fields": {"action_time": "2021-08-10T21:48:56.581Z", "user": 2, "content_type": 4, "object_id": "4", "object_repr": "backend", "action_flag": 2, "change_message": "[{\"changed\": {\"fields\": [\"Staff status\"]}}]"}}, {"model": "admin.logentry", "pk": 122, "fields": {"action_time": "2021-08-10T21:49:32.156Z", "user": 2, "content_type": 25, "object_id": "2", "object_repr": "backend", "action_flag": 2, "change_message": "[{\"changed\": {\"fields\": [\"Image\", \"Position\"]}}]"}}, {"model": "admin.logentry", "pk": 123, "fields": {"action_time": "2021-08-10T22:03:27.443Z", "user": 2, "content_type": 25, "object_id": "1", "object_repr": "sanyasashkabond32", "action_flag": 2, "change_message": "[{\"changed\": {\"fields\": [\"Position\"]}}]"}}, {"model": "admin.logentry", "pk": 124, "fields": {"action_time": "2021-08-10T22:04:03.871Z", "user": 2, "content_type": 4, "object_id": "3", "object_repr": "sanyasashkabond32", "action_flag": 2, "change_message": "[{\"changed\": {\"fields\": [\"First name\", \"Last name\"]}}]"}}, {"model": "admin.logentry", "pk": 125, "fields": {"action_time": "2021-08-11T21:27:26.160Z", "user": 2, "content_type": 24, "object_id": "5", "object_repr": "dssd - admin", "action_flag": 2, "change_message": "[{\"changed\": {\"fields\": [\"Title\", \"Title [ru]\", \"Title [uk]\", \"Title [en]\", \"Text before quote\", \"Text before quote [ru]\", \"Text before quote [uk]\", \"Text before quote [en]\", \"Quote\", \"Quote [ru]\", \"Quote [uk]\", \"Quote [en]\", \"Text after quote\", \"Text after quote [ru]\", \"Text after quote [uk]\", \"Text after quote [en]\"]}}]"}}, {"model": "admin.logentry", "pk": 126, "fields": {"action_time": "2021-08-11T21:29:01.524Z", "user": 2, "content_type": 24, "object_id": "5", "object_repr": "dssd - admin", "action_flag": 2, "change_message": "[{\"changed\": {\"fields\": [\"Title\", \"Text before quote [en]\", \"Quote [ru]\", \"Quote [uk]\", \"Text after quote\", \"Text after quote [ru]\", \"Text after quote [uk]\", \"Text after quote [en]\"]}}]"}}, {"model": "admin.logentry", "pk": 127, "fields": {"action_time": "2021-08-11T21:29:16.734Z", "user": 2, "content_type": 24, "object_id": "5", "object_repr": "dssd - admin", "action_flag": 2, "change_message": "[{\"changed\": {\"fields\": [\"Title\"]}}]"}}, {"model": "admin.logentry", "pk": 128, "fields": {"action_time": "2021-08-11T21:34:28.741Z", "user": 2, "content_type": 24, "object_id": "5", "object_repr": "Test - admin", "action_flag": 2, "change_message": "[{\"changed\": {\"fields\": [\"Title [ru]\"]}}]"}}, {"model": "admin.logentry", "pk": 129, "fields": {"action_time": "2021-08-11T21:35:06.150Z", "user": 2, "content_type": 24, "object_id": "4", "object_repr": "Backend SEO - backend", "action_flag": 2, "change_message": "[{\"changed\": {\"fields\": [\"Title\", \"Text before quote\", \"Quote\", \"Text after quote\"]}}]"}}, {"model": "admin.logentry", "pk": 130, "fields": {"action_time": "2021-08-11T22:42:34.189Z", "user": 2, "content_type": 24, "object_id": "4", "object_repr": "Backend SEOru - backend", "action_flag": 2, "change_message": "[{\"changed\": {\"fields\": [\"Title\", \"Title [ru]\", \"Title [uk]\", \"Title [en]\", \"Text before quote [ru]\", \"Text before quote [uk]\", \"Text before quote [en]\"]}}]"}}, {"model": "admin.logentry", "pk": 131, "fields": {"action_time": "2021-08-12T03:08:47.881Z", "user": 2, "content_type": 24, "object_id": "5", "object_repr": "Test - admin", "action_flag": 2, "change_message": "[{\"changed\": {\"fields\": [\"Quote [ru]\", \"Quote [uk]\", \"Quote [en]\"]}}]"}}, {"model": "admin.logentry", "pk": 132, "fields": {"action_time": "2021-08-12T03:10:52.499Z", "user": 2, "content_type": 24, "object_id": "4", "object_repr": "Backend SEOru - backend", "action_flag": 2, "change_message": "[{\"changed\": {\"fields\": [\"Quote [ru]\", \"Quote [uk]\", \"Quote [en]\"]}}]"}}, {"model": "admin.logentry", "pk": 133, "fields": {"action_time": "2021-08-12T03:18:53.039Z", "user": 2, "content_type": 24, "object_id": "5", "object_repr": "Test - admin", "action_flag": 2, "change_message": "[{\"changed\": {\"fields\": [\"Text before quote [ru]\", \"Text before quote [uk]\", \"Text before quote [en]\", \"Text after quote [ru]\", \"Text after quote [uk]\", \"Text after quote [en]\"]}}]"}}, {"model": "admin.logentry", "pk": 134, "fields": {"action_time": "2021-08-12T03:26:55.639Z", "user": 2, "content_type": 24, "object_id": "5", "object_repr": "Title ru - admin", "action_flag": 2, "change_message": "[{\"changed\": {\"fields\": [\"Title [ru]\", \"Title [uk]\", \"Title [en]\"]}}]"}}, {"model": "admin.logentry", "pk": 135, "fields": {"action_time": "2021-08-12T03:44:25.588Z", "user": 2, "content_type": 11, "object_id": "6", "object_repr": "RULorem ipsum dolor", "action_flag": 1, "change_message": "[{\"added\": {}}]"}}, {"model": "admin.logentry", "pk": 136, "fields": {"action_time": "2021-08-12T03:45:36.086Z", "user": 2, "content_type": 11, "object_id": "5", "object_repr": "ServiceArticle object (5)", "action_flag": 3, "change_message": ""}}, {"model": "admin.logentry", "pk": 137, "fields": {"action_time": "2021-08-12T03:45:36.144Z", "user": 2, "content_type": 11, "object_id": "4", "object_repr": "ServiceArticle object (4)", "action_flag": 3, "change_message": ""}}, {"model": "admin.logentry", "pk": 138, "fields": {"action_time": "2021-08-12T03:45:36.176Z", "user": 2, "content_type": 11, "object_id": "3", "object_repr": "ServiceArticle object (3)", "action_flag": 3, "change_message": ""}}, {"model": "admin.logentry", "pk": 139, "fields": {"action_time": "2021-08-12T03:45:36.205Z", "user": 2, "content_type": 11, "object_id": "2", "object_repr": "ServiceArticle object (2)", "action_flag": 3, "change_message": ""}}, {"model": "admin.logentry", "pk": 140, "fields": {"action_time": "2021-08-12T03:48:32.756Z", "user": 2, "content_type": 11, "object_id": "7", "object_repr": "Web Development", "action_flag": 1, "change_message": "[{\"added\": {}}]"}}, {"model": "admin.logentry", "pk": 141, "fields": {"action_time": "2021-08-12T03:49:15.472Z", "user": 2, "content_type": 11, "object_id": "8", "object_repr": "SEO", "action_flag": 1, "change_message": "[{\"added\": {}}]"}}, {"model": "admin.logentry", "pk": 142, "fields": {"action_time": "2021-08-12T03:51:11.344Z", "user": 2, "content_type": 11, "object_id": "9", "object_repr": "RU SEO!EW", "action_flag": 1, "change_message": "[{\"added\": {}}]"}}, {"model": "admin.logentry", "pk": 143, "fields": {"action_time": "2021-08-12T03:51:53.458Z", "user": 2, "content_type": 11, "object_id": "10", "object_repr": "RU SMM!EW", "action_flag": 1, "change_message": "[{\"added\": {}}]"}}, {"model": "admin.logentry", "pk": 144, "fields": {"action_time": "2021-08-12T03:53:00.784Z", "user": 2, "content_type": 11, "object_id": "11", "object_repr": "RU Web design!EW", "action_flag": 1, "change_message": "[{\"added\": {}}]"}}, {"model": "admin.logentry", "pk": 145, "fields": {"action_time": "2021-08-12T03:53:12.455Z", "user": 2, "content_type": 9, "object_id": "1", "object_repr": "Web design", "action_flag": 2, "change_message": "[{\"changed\": {\"fields\": [\"Article\"]}}]"}}, {"model": "admin.logentry", "pk": 146, "fields": {"action_time": "2021-08-12T03:54:55.507Z", "user": 2, "content_type": 9, "object_id": "4", "object_repr": "Web development", "action_flag": 2, "change_message": "[{\"changed\": {\"fields\": [\"Article\"]}}]"}}, {"model": "admin.logentry", "pk": 147, "fields": {"action_time": "2021-08-12T03:55:02.179Z", "user": 2, "content_type": 9, "object_id": "3", "object_repr": "SEO", "action_flag": 2, "change_message": "[{\"changed\": {\"fields\": [\"Article\"]}}]"}}, {"model": "admin.logentry", "pk": 148, "fields": {"action_time": "2021-08-12T03:55:09.826Z", "user": 2, "content_type": 9, "object_id": "2", "object_repr": "SMM", "action_flag": 2, "change_message": "[{\"changed\": {\"fields\": [\"Article\"]}}]"}}, {"model": "admin.logentry", "pk": 149, "fields": {"action_time": "2021-08-12T03:55:15.372Z", "user": 2, "content_type": 9, "object_id": "1", "object_repr": "Web design", "action_flag": 2, "change_message": "[]"}}, {"model": "admin.logentry", "pk": 150, "fields": {"action_time": "2021-08-12T19:02:52.280Z", "user": 2, "content_type": 24, "object_id": "4", "object_repr": "Seo ru - backend", "action_flag": 2, "change_message": "[{\"changed\": {\"fields\": [\"Title [ru]\", \"Title [uk]\", \"Title [en]\", \"Text before quote [ru]\", \"Text before quote [uk]\", \"Text before quote [en]\", \"Text after quote [ru]\", \"Text after quote [uk]\", \"Text after quote [en]\"]}}]"}}, {"model": "admin.logentry", "pk": 151, "fields": {"action_time": "2021-08-12T19:23:18.281Z", "user": 2, "content_type": 24, "object_id": "3", "object_repr": "SSM RU - sanyasashkabond32", "action_flag": 2, "change_message": "[{\"changed\": {\"fields\": [\"Title [ru]\", \"Title [uk]\", \"Title [en]\", \"Text before quote [ru]\", \"Text before quote [uk]\", \"Text before quote [en]\", \"Quote [ru]\", \"Quote [uk]\", \"Quote [en]\", \"Text after quote [ru]\", \"Text after quote [uk]\", \"Text after quote [en]\"]}}]"}}, {"model": "admin.logentry", "pk": 152, "fields": {"action_time": "2021-08-12T19:25:40.473Z", "user": 2, "content_type": 24, "object_id": "2", "object_repr": "Web Design - sanyasashkabond32", "action_flag": 2, "change_message": "[{\"changed\": {\"fields\": [\"Title [ru]\", \"Text before quote [ru]\", \"Text before quote [uk]\", \"Text before quote [en]\", \"Quote [ru]\", \"Quote [uk]\", \"Quote [en]\", \"Text after quote [ru]\", \"Text after quote [uk]\", \"Text after quote [en]\"]}}]"}}, {"model": "admin.logentry", "pk": 153, "fields": {"action_time": "2021-08-12T20:35:41.949Z", "user": 2, "content_type": 27, "object_id": "54", "object_repr": "SSM RU - admin", "action_flag": 2, "change_message": "[{\"changed\": {\"fields\": [\"Status\"]}}]"}}, {"model": "admin.logentry", "pk": 154, "fields": {"action_time": "2021-08-12T20:49:58.883Z", "user": 2, "content_type": 4, "object_id": "5", "object_repr": "seoman", "action_flag": 1, "change_message": "[{\"added\": {}}]"}}, {"model": "admin.logentry", "pk": 155, "fields": {"action_time": "2021-08-12T20:51:11.271Z", "user": 2, "content_type": 4, "object_id": "5", "object_repr": "seoman", "action_flag": 2, "change_message": "[{\"changed\": {\"fields\": [\"First name\", \"Last name\", \"Email address\", \"Staff status\", \"Groups\"]}}]"}}, {"model": "admin.logentry", "pk": 156, "fields": {"action_time": "2021-08-12T20:51:28.489Z", "user": 2, "content_type": 25, "object_id": "3", "object_repr": "seoman", "action_flag": 2, "change_message": "[{\"changed\": {\"fields\": [\"Image\", \"Position\"]}}]"}}, {"model": "admin.logentry", "pk": 157, "fields": {"action_time": "2021-08-12T20:56:54.310Z", "user": 2, "content_type": 25, "object_id": "3", "object_repr": "seoman", "action_flag": 2, "change_message": "[{\"changed\": {\"fields\": [\"Image\"]}}]"}}, {"model": "admin.logentry", "pk": 158, "fields": {"action_time": "2021-08-12T21:17:34.809Z", "user": 2, "content_type": 11, "object_id": "11", "object_repr": "RU Web design!EW", "action_flag": 2, "change_message": "[{\"changed\": {\"fields\": [\"Text [ru]\", \"Text [uk]\", \"Text [en]\"]}}]"}}, {"model": "admin.logentry", "pk": 159, "fields": {"action_time": "2021-08-12T21:19:15.687Z", "user": 2, "content_type": 11, "object_id": "11", "object_repr": "RU Web design!EW", "action_flag": 2, "change_message": "[{\"added\": {\"name\": \"work point\", \"object\": \"WorkPoint object (1)\"}}, {\"added\": {\"name\": \"work point\", \"object\": \"WorkPoint object (2)\"}}, {\"added\": {\"name\": \"work point\", \"object\": \"WorkPoint object (3)\"}}]"}}, {"model": "admin.logentry", "pk": 160, "fields": {"action_time": "2021-08-12T21:36:51.582Z", "user": 2, "content_type": 25, "object_id": "3", "object_repr": "seoman", "action_flag": 2, "change_message": "[{\"added\": {\"name\": \"skill\", \"object\": \"Skill object (1)\"}}, {\"added\": {\"name\": \"skill\", \"object\": \"Skill object (2)\"}}, {\"added\": {\"name\": \"skill\", \"object\": \"Skill object (3)\"}}]"}}, {"model": "admin.logentry", "pk": 161, "fields": {"action_time": "2021-08-12T21:37:10.938Z", "user": 2, "content_type": 25, "object_id": "2", "object_repr": "backend", "action_flag": 2, "change_message": "[{\"added\": {\"name\": \"skill\", \"object\": \"Skill object (4)\"}}, {\"added\": {\"name\": \"skill\", \"object\": \"Skill object (5)\"}}, {\"added\": {\"name\": \"skill\", \"object\": \"Skill object (6)\"}}]"}}, {"model": "admin.logentry", "pk": 162, "fields": {"action_time": "2021-08-12T21:37:29.033Z", "user": 2, "content_type": 25, "object_id": "1", "object_repr": "sanyasashkabond32", "action_flag": 2, "change_message": "[{\"added\": {\"name\": \"skill\", \"object\": \"Skill object (7)\"}}, {\"added\": {\"name\": \"skill\", \"object\": \"Skill object (8)\"}}, {\"added\": {\"name\": \"skill\", \"object\": \"Skill object (9)\"}}]"}}, {"model": "admin.logentry", "pk": 163, "fields": {"action_time": "2021-08-13T22:23:48.886Z", "user": 2, "content_type": 24, "object_id": "6", "object_repr": "sad - sanyasashkabond32", "action_flag": 1, "change_message": "[{\"added\": {}}]"}}, {"model": "admin.logentry", "pk": 164, "fields": {"action_time": "2021-08-13T22:33:56.212Z", "user": 2, "content_type": 24, "object_id": "6", "object_repr": "sad - sanyasashkabond32", "action_flag": 3, "change_message": ""}}, {"model": "admin.logentry", "pk": 165, "fields": {"action_time": "2021-08-13T22:34:53.581Z", "user": 2, "content_type": 24, "object_id": "7", "object_repr": "sd - admin", "action_flag": 1, "change_message": "[{\"added\": {}}]"}}, {"model": "admin.logentry", "pk": 166, "fields": {"action_time": "2021-08-13T22:45:02.885Z", "user": 2, "content_type": 24, "object_id": "8", "object_repr": "sd - admin", "action_flag": 1, "change_message": "[{\"added\": {}}]"}}, {"model": "admin.logentry", "pk": 167, "fields": {"action_time": "2021-08-13T22:46:37.421Z", "user": 2, "content_type": 24, "object_id": "8", "object_repr": "sd - admin", "action_flag": 3, "change_message": ""}}, {"model": "admin.logentry", "pk": 168, "fields": {"action_time": "2021-08-13T22:53:48.263Z", "user": 2, "content_type": 24, "object_id": "7", "object_repr": "sd - admin", "action_flag": 3, "change_message": ""}}, {"model": "admin.logentry", "pk": 169, "fields": {"action_time": "2021-08-13T22:54:17.332Z", "user": 2, "content_type": 24, "object_id": "9", "object_repr": "Title ru - admin", "action_flag": 1, "change_message": "[{\"added\": {}}]"}}, {"model": "admin.logentry", "pk": 170, "fields": {"action_time": "2021-08-13T22:55:18.683Z", "user": 2, "content_type": 24, "object_id": "9", "object_repr": "Title ru - admin", "action_flag": 3, "change_message": ""}}, {"model": "admin.logentry", "pk": 171, "fields": {"action_time": "2021-08-13T22:56:08.515Z", "user": 2, "content_type": 24, "object_id": "10", "object_repr": "Title ru - admin", "action_flag": 1, "change_message": "[{\"added\": {}}]"}}, {"model": "admin.logentry", "pk": 172, "fields": {"action_time": "2021-08-13T22:56:38.605Z", "user": 2, "content_type": 24, "object_id": "10", "object_repr": "Title ru - admin", "action_flag": 3, "change_message": ""}}, {"model": "admin.logentry", "pk": 173, "fields": {"action_time": "2021-08-13T22:57:59.410Z", "user": 2, "content_type": 24, "object_id": "11", "object_repr": "sddd - admin", "action_flag": 1, "change_message": "[{\"added\": {}}]"}}, {"model": "admin.logentry", "pk": 174, "fields": {"action_time": "2021-08-14T03:06:55.335Z", "user": 2, "content_type": 17, "object_id": "3", "object_repr": "localhost", "action_flag": 1, "change_message": "[{\"added\": {}}]"}}, {"model": "admin.logentry", "pk": 175, "fields": {"action_time": "2021-08-14T03:06:57.512Z", "user": 2, "content_type": 21, "object_id": "1", "object_repr": "Oauth", "action_flag": 2, "change_message": "[{\"changed\": {\"fields\": [\"Client id\", \"Secret key\", \"Sites\"]}}]"}}, {"model": "auth.user", "pk": 2, "fields": {"password": "pbkdf2_sha256$260000$T7yQMHlVWSO7qeGXhvobV4$6CSu0cW2xY2ievCaxiKA+qBercvIeYIxbf0uzWGQ8Kc=", "last_login": "2021-08-14T03:05:23.530Z", "is_superuser": true, "username": "admin", "first_name": "Admin", "last_name": "Admin", "email": "test32@test.com", "is_staff": true, "is_active": true, "date_joined": "2021-08-06T00:50:17Z", "groups": [1], "user_permissions": []}}, {"model": "auth.user", "pk": 3, "fields": {"password": "!IA359kQi0kPSN8BARDNUThYgeEfs6CxKDEpU6e9S", "last_login": "2021-08-09T22:07:46Z", "is_superuser": false, "username": "sanyasashkabond32", "first_name": "Андрей", "last_name": "Тестовый", "email": "sanyasashkabond32@gmail.com", "is_staff": true, "is_active": true, "date_joined": "2021-08-07T01:02:42Z", "groups": [1], "user_permissions": []}}, {"model": "auth.user", "pk": 4, "fields": {"password": "!ojNKElMGiC8z3qml2CaDfmNz3mZIA2vkjdbD3yzf", "last_login": "2021-08-14T03:30:24.173Z", "is_superuser": false, "username": "backend", "first_name": "Александр", "last_name": "Бондаренко", "email": "backend@artads.agency", "is_staff": true, "is_active": true, "date_joined": "2021-08-09T22:44:00Z", "groups": [1], "user_permissions": []}}, {"model": "auth.user", "pk": 5, "fields": {"password": "pbkdf2_sha256$260000$nDnBXi0zxkXXDW3jkfqCFq$RjpeQ3lkodJeTtOu1Xn737Z5LPpDrDmAoyPq9Y5WXK0=", "last_login": "2021-08-13T22:23:03.674Z", "is_superuser": false, "username": "seoman", "first_name": "Jack", "last_name": "Wolf", "email": "jackwolf@gmail.com", "is_staff": true, "is_active": true, "date_joined": "2021-08-12T20:49:58Z", "groups": [1], "user_permissions": []}}, {"model": "auth.group", "pk": 1, "fields": {"name": "Employee", "permissions": [95, 96, 97, 98]}}, {"model": "services.servicearticle", "pk": 6, "fields": {"title": "UKLorem ipsum dolor", "title_ru": "RULorem ipsum dolor", "title_uk": "UKLorem ipsum dolor", "title_en": "ENLorem ipsum dolor", "slug": "rulorem-ipsum-dolor", "image": "services/article3_uAHTWtJ.png", "text": "UKLorem ipsum dolor sit amet, consectetur adipiscing elit, sed do eiusmod tempor incididunt ut labore et dolore magna aliqua. Ut enim ad minim veniam, quis nostrud exercitation ullamco laboris nisi ut aliquip ex ea commodo consequat. Duis aute irure dolor in reprehenderit in voluptate velit esse cillum dolore eu fugiat nulla pariatur. Excepteur sint occaecat cupidatat non proident, sunt in culpa qui officia deserunt mollit anim id est laborum.\r\n\r\nSed ut perspiciatis unde omnis iste natus error sit voluptatem accusantium doloremque laudantium, totam rem aperiam, eaque ipsa quae ab illo inventore veritatis et quasi architecto beatae vitae dicta sunt explicabo. Nemo enim ipsam voluptatem quia voluptas sit aspernatur aut odit aut fugit, sed quia consequuntur magni dolores eos qui ratione voluptatem sequi nesciunt. Neque porro quisquam est, qui dolorem ipsum quia dolor sit amet, consectetur, adipisci velit, sed quia non numquam eius modi tempora incidunt ut labore et dolore magnam aliquam quaerat voluptatem. Ut enim ad minima veniam, quis nostrum exercitationem ullam corporis suscipit laboriosam. Sed ut perspiciatis unde omnis iste natus error sit voluptatem accusantium doloremque laudantium.\r\n\r\nSed ut perspiciatis unde omnis iste natus error sit voluptatem accusantium doloremque laudantium, totam rem aperiam, eaque ipsa quae ab illo inventore veritatis et quasi architecto beatae vitae dicta sunt explicabo. Nemo enim ipsam voluptatem quia voluptas sit aspernatur aut odit aut fugit, sed quia consequuntur magni dolores eos qui ratione voluptatem sequi nesciunt. Neque porro quisquam est, qui dolorem ipsum quia dolor sit amet, consectetur, adipisci velit, sed quia non numquam eius modi tempora incidunt ut labore et dolore magnam aliquam quaerat voluptatem. Ut enim ad minima veniam, quis nostrum exercitationem ullam corporis suscipit laboriosam. Sed ut perspiciatis unde omnis iste natus error sit voluptatem accusantium doloremque laudantium.", "text_ru": "RULorem ipsum dolor sit amet, consectetur adipiscing elit, sed do eiusmod tempor incididunt ut labore et dolore magna aliqua. Ut enim ad minim veniam, quis nostrud exercitation ullamco laboris nisi ut aliquip ex ea commodo consequat. Duis aute irure dolor in reprehenderit in voluptate velit esse cillum dolore eu fugiat nulla pariatur. Excepteur sint occaecat cupidatat non proident, sunt in culpa qui officia deserunt mollit anim id est laborum.\r\n\r\nSed ut perspiciatis unde omnis iste natus error sit voluptatem accusantium doloremque laudantium, totam rem aperiam, eaque ipsa quae ab illo inventore veritatis et quasi architecto beatae vitae dicta sunt explicabo. Nemo enim ipsam voluptatem quia voluptas sit aspernatur aut odit aut fugit, sed quia consequuntur magni dolores eos qui ratione voluptatem sequi nesciunt. Neque porro quisquam est, qui dolorem ipsum quia dolor sit amet, consectetur, adipisci velit, sed quia non numquam eius modi tempora incidunt ut labore et dolore magnam aliquam quaerat voluptatem. Ut enim ad minima veniam, quis nostrum exercitationem ullam corporis suscipit laboriosam. Sed ut perspiciatis unde omnis iste natus error sit voluptatem accusantium doloremque laudantium.\r\n\r\nSed ut perspiciatis unde omnis iste natus error sit voluptatem accusantium doloremque laudantium, totam rem aperiam, eaque ipsa quae ab illo inventore veritatis et quasi architecto beatae vitae dicta sunt explicabo. Nemo enim ipsam voluptatem quia voluptas sit aspernatur aut odit aut fugit, sed quia consequuntur magni dolores eos qui ratione voluptatem sequi nesciunt. Neque porro quisquam est, qui dolorem ipsum quia dolor sit amet, consectetur, adipisci velit, sed quia non numquam eius modi tempora incidunt ut labore et dolore magnam aliquam quaerat voluptatem. Ut enim ad minima veniam, quis nostrum exercitationem ullam corporis suscipit laboriosam. Sed ut perspiciatis unde omnis iste natus error sit voluptatem accusantium doloremque laudantium.", "text_uk": "UKLorem ipsum dolor sit amet, consectetur adipiscing elit, sed do eiusmod tempor incididunt ut labore et dolore magna aliqua. Ut enim ad minim veniam, quis nostrud exercitation ullamco laboris nisi ut aliquip ex ea commodo consequat. Duis aute irure dolor in reprehenderit in voluptate velit esse cillum dolore eu fugiat nulla pariatur. Excepteur sint occaecat cupidatat non proident, sunt in culpa qui officia deserunt mollit anim id est laborum.\r\n\r\nSed ut perspiciatis unde omnis iste natus error sit voluptatem accusantium doloremque laudantium, totam rem aperiam, eaque ipsa quae ab illo inventore veritatis et quasi architecto beatae vitae dicta sunt explicabo. Nemo enim ipsam voluptatem quia voluptas sit aspernatur aut odit aut fugit, sed quia consequuntur magni dolores eos qui ratione voluptatem sequi nesciunt. Neque porro quisquam est, qui dolorem ipsum quia dolor sit amet, consectetur, adipisci velit, sed quia non numquam eius modi tempora incidunt ut labore et dolore magnam aliquam quaerat voluptatem. Ut enim ad minima veniam, quis nostrum exercitationem ullam corporis suscipit laboriosam. Sed ut perspiciatis unde omnis iste natus error sit voluptatem accusantium doloremque laudantium.\r\n\r\nSed ut perspiciatis unde omnis iste natus error sit voluptatem accusantium doloremque laudantium, totam rem aperiam, eaque ipsa quae ab illo inventore veritatis et quasi architecto beatae vitae dicta sunt explicabo. Nemo enim ipsam voluptatem quia voluptas sit aspernatur aut odit aut fugit, sed quia consequuntur magni dolores eos qui ratione voluptatem sequi nesciunt. Neque porro quisquam est, qui dolorem ipsum quia dolor sit amet, consectetur, adipisci velit, sed quia non numquam eius modi tempora incidunt ut labore et dolore magnam aliquam quaerat voluptatem. Ut enim ad minima veniam, quis nostrum exercitationem ullam corporis suscipit laboriosam. Sed ut perspiciatis unde omnis iste natus error sit voluptatem accusantium doloremque laudantium.", "text_en": "ENLorem ipsum dolor sit amet, consectetur adipiscing elit, sed do eiusmod tempor incididunt ut labore et dolore magna aliqua. Ut enim ad minim veniam, quis nostrud exercitation ullamco laboris nisi ut aliquip ex ea commodo consequat. Duis aute irure dolor in reprehenderit in voluptate velit esse cillum dolore eu fugiat nulla pariatur. Excepteur sint occaecat cupidatat non proident, sunt in culpa qui officia deserunt mollit anim id est laborum.\r\n\r\nSed ut perspiciatis unde omnis iste natus error sit voluptatem accusantium doloremque laudantium, totam rem aperiam, eaque ipsa quae ab illo inventore veritatis et quasi architecto beatae vitae dicta sunt explicabo. Nemo enim ipsam voluptatem quia voluptas sit aspernatur aut odit aut fugit, sed quia consequuntur magni dolores eos qui ratione voluptatem sequi nesciunt. Neque porro quisquam est, qui dolorem ipsum quia dolor sit amet, consectetur, adipisci velit, sed quia non numquam eius modi tempora incidunt ut labore et dolore magnam aliquam quaerat voluptatem. Ut enim ad minima veniam, quis nostrum exercitationem ullam corporis suscipit laboriosam. Sed ut perspiciatis unde omnis iste natus error sit voluptatem accusantium doloremque laudantium.\r\n\r\nSed ut perspiciatis unde omnis iste natus error sit voluptatem accusantium doloremque laudantium, totam rem aperiam, eaque ipsa quae ab illo inventore veritatis et quasi architecto beatae vitae dicta sunt explicabo. Nemo enim ipsam voluptatem quia voluptas sit aspernatur aut odit aut fugit, sed quia consequuntur magni dolores eos qui ratione voluptatem sequi nesciunt. Neque porro quisquam est, qui dolorem ipsum quia dolor sit amet, consectetur, adipisci velit, sed quia non numquam eius modi tempora incidunt ut labore et dolore magnam aliquam quaerat voluptatem. Ut enim ad minima veniam, quis nostrum exercitationem ullam corporis suscipit laboriosam. Sed ut perspiciatis unde omnis iste natus error sit voluptatem accusantium doloremque laudantium."}}, {"model": "services.servicearticle", "pk": 7, "fields": {"title": "Web Development", "title_ru": "Web Development", "title_uk": "Web Development", "title_en": "Web Development", "slug": "web-development", "image": "services/article3_LO0IgON.png", "text": "UKWeb DevelopmentWeb DevelopmentWeb DevelopmentWeb DevelopmentWeb Development", "text_ru": "RUWeb DevelopmentWeb DevelopmentWeb DevelopmentWeb Development", "text_uk": "UKWeb DevelopmentWeb DevelopmentWeb DevelopmentWeb DevelopmentWeb Development", "text_en": "ENWeb DevelopmentWeb DevelopmentWeb DevelopmentWeb DevelopmentWeb DevelopmentWeb Development"}}, {"model": "services.servicearticle", "pk": 8, "fields": {"title": "SEO", "title_ru": "SEO", "title_uk": "SEO", "title_en": "SEO", "slug": "seo", "image": "default-picture.png", "text": "UK SEO!EW", "text_ru": "RU SEO!EW", "text_uk": "UK SEO!EW", "text_en": "EN SEO!EW"}}, {"model": "services.servicearticle", "pk": 9, "fields": {"title": "UK SEO!EW", "title_ru": "RU SEO!EW", "title_uk": "UK SEO!EW", "title_en": "EN SEO!EW", "slug": "ru-seoew", "image": "services/article1_m3CTbZX.png", "text": "UK SEO!EW", "text_ru": "RU SEO!EW", "text_uk": "UK SEO!EW", "text_en": "EN SEO!EW"}}, {"model": "services.servicearticle", "pk": 10, "fields": {"title": "UA SMM!EW", "title_ru": "RU SMM!EW", "title_uk": "UA SMM!EW", "title_en": "EN SMM!EW", "slug": "ru-smmew", "image": "services/article2_5iZ62QF.png", "text": "UK SMM!EW", "text_ru": "RU SMM!EW", "text_uk": "UK SMM!EW", "text_en": "EN SMM!EW"}}, {"model": "services.servicearticle", "pk": 11, "fields": {"title": "UK Web design!EW", "title_ru": "RU Web design!EW", "title_uk": "UK Web design!EW", "title_en": "EN Web design!EW", "slug": "ru-web-designew", "image": "services/article3_B0Kezxz.png", "text": "UK Web design!EWUK Web design!EWUK Web design!EWUK Web design!EWUK Web design!EWUK Web design!EWUK Web design!EWUK Web design!EWUK Web design!EWUK Web design!EWUK Web design!EWUK Web design!EWUK Web design!EWUK Web design!EWUK Web design!EWUK Web design!EWUK Web design!EWUK Web design!EWUK Web design!EWUK Web design!EWUK Web design!EWUK Web design!EWUK Web design!EWUK Web design!EWUK Web design!EWUK Web design!EWUK Web design!EWUK Web design!EWUK Web design!EWUK Web design!EWUK Web design!EWUK Web design!EWUK Web design!EWUK Web design!EWUK Web design!EWUK Web design!EWUK Web design!EWUK Web design!EWUK Web design!EWUK Web design!EWUK Web design!EWUK Web design!EWUK Web design!EW", "text_ru": "RU Web design!EWRU Web design!EWRU Web design!EWRU Web design!EWRU Web design!EWRU Web design!EWRU Web design!EWRU Web design!EWRU Web design!EWRU Web design!EWRU Web design!EWRU Web design!EWRU Web design!EWRU Web design!EWRU Web design!EWRU Web design!EWRU Web design!EWRU Web design!EWRU Web design!EWRU Web design!EWRU Web design!EWRU Web design!EWRU Web design!EWRU Web design!EWRU Web design!EWRU Web design!EWRU Web design!EWRU Web design!EWRU Web design!EWRU Web design!EWRU Web design!EWRU Web design!EWRU Web design!EWRU Web design!EWRU Web design!EWRU Web design!EWRU Web design!EWRU Web design!EWRU Web design!EWRU Web design!EWRU Web design!EWRU Web design!EWRU Web design!EWRU Web design!EWRU Web design!EWRU Web design!EWRU Web design!EWRU Web design!EW", "text_uk": "UK Web design!EWUK Web design!EWUK Web design!EWUK Web design!EWUK Web design!EWUK Web design!EWUK Web design!EWUK Web design!EWUK Web design!EWUK Web design!EWUK Web design!EWUK Web design!EWUK Web design!EWUK Web design!EWUK Web design!EWUK Web design!EWUK Web design!EWUK Web design!EWUK Web design!EWUK Web design!EWUK Web design!EWUK Web design!EWUK Web design!EWUK Web design!EWUK Web design!EWUK Web design!EWUK Web design!EWUK Web design!EWUK Web design!EWUK Web design!EWUK Web design!EWUK Web design!EWUK Web design!EWUK Web design!EWUK Web design!EWUK Web design!EWUK Web design!EWUK Web design!EWUK Web design!EWUK Web design!EWUK Web design!EWUK Web design!EWUK Web design!EW", "text_en": "EN Web design!EWEN Web design!EWEN Web design!EWEN Web design!EWEN Web design!EWEN Web design!EWEN Web design!EWEN Web design!EWEN Web design!EWEN Web design!EWEN Web design!EWEN Web design!EWEN Web design!EWEN Web design!EWEN Web design!EWEN Web design!EWEN Web design!EWEN Web design!EWEN Web design!EWEN Web design!EWEN Web design!EWEN Web design!EWEN Web design!EWEN Web design!EWEN Web design!EWEN Web design!EWEN Web design!EWEN Web design!EWEN Web design!EWEN Web design!EWEN Web design!EWEN Web design!EWEN Web design!EWEN Web design!EWEN Web design!EWEN Web design!EWEN Web design!EWEN Web design!EWEN Web design!EWEN Web design!EWEN Web design!EWEN Web design!EWEN Web design!EWEN Web design!EWEN Web design!EWEN Web design!EWEN Web design!EWEN Web design!EWEN Web design!EWEN Web design!EWEN Web design!EWEN Web design!EWEN Web design!EWEN Web design!EWEN Web design!EWEN Web design!EW"}}, {"model": "services.servicecategory", "pk": 1, "fields": {"name": "Web design", "article": 11, "slug": "web-design"}}, {"model": "services.servicecategory", "pk": 2, "fields": {"name": "SMM", "article": 10, "slug": "smm"}}, {"model": "services.servicecategory", "pk": 3, "fields": {"name": "SEO", "article": 8, "slug": "seo"}}, {"model": "services.servicecategory", "pk": 4, "fields": {"name": "Web development", "article": 7, "slug": "web-development"}}, {"model": "services.workpoint", "pk": 1, "fields": {"title": "UK Web design!EW", "title_ru": "RU Web design!EW", "title_uk": "UK Web design!EW", "title_en": "EN Web design!EW", "text": "EN Web design!EWEN Web design!EWEN Web design!EWEN Web design!EWEN Web design!EWEN Web design!EWEN Web design!EWEN Web design!EWEN Web design!EWEN Web design!EWEN Web design!EWEN Web design!EWEN Web design!EWEN Web design!EW", "text_ru": "EN Web design!EWEN Web design!EWEN Web design!EWEN Web design!EWEN Web design!EWEN Web design!EWEN Web design!EWEN Web design!EWEN Web design!EWEN Web design!EWEN Web design!EWEN Web design!EWEN Web design!EWEN Web design!EWEN Web design!EW", "text_uk": "EN Web design!EWEN Web design!EWEN Web design!EWEN Web design!EWEN Web design!EWEN Web design!EWEN Web design!EWEN Web design!EWEN Web design!EWEN Web design!EWEN Web design!EWEN Web design!EWEN Web design!EWEN Web design!EW", "text_en": "EN Web design!EWEN Web design!EWEN Web design!EWEN Web design!EWEN Web design!EWEN Web design!EWEN Web design!EWEN Web design!EWEN Web design!EWEN Web design!EWEN Web design!EWEN Web design!EW", "service": 11}}, {"model": "services.workpoint", "pk": 2, "fields": {"title": "UK Web design!EW", "title_ru": "RU Web design!EW", "title_uk": "UK Web design!EW", "title_en": "EN Web design!EW", "text": "EN Web design!EWEN Web design!EWEN Web design!EWEN Web design!EWEN Web design!EWEN Web design!EWEN Web design!EWEN Web design!EWEN Web design!EWEN Web design!EWEN Web design!EWEN Web design!EWEN Web design!EWEN Web design!EWEN Web design!EWEN Web design!EWEN Web design!EW", "text_ru": "EN Web design!EWEN Web design!EWEN Web design!EWEN Web design!EWEN Web design!EWEN Web design!EWEN Web design!EWEN Web design!EWEN Web design!EWEN Web design!EWEN Web design!EWEN Web design!EWEN Web design!EW", "text_uk": "EN Web design!EWEN Web design!EWEN Web design!EWEN Web design!EWEN Web design!EWEN Web design!EWEN Web design!EWEN Web design!EWEN Web design!EWEN Web design!EWEN Web design!EWEN Web design!EWEN Web design!EWEN Web design!EWEN Web design!EWEN Web design!EWEN Web design!EW", "text_en": "EN Web design!EWEN Web design!EWEN Web design!EWEN Web design!EWEN Web design!EWEN Web design!EWEN Web design!EWEN Web design!EWEN Web design!EWEN Web design!EWEN Web design!EWEN Web design!EWEN Web design!EW", "service": 11}}, {"model": "services.workpoint", "pk": 3, "fields": {"title": "UK Web design!EW", "title_ru": "RU Web design!EW", "title_uk": "UK Web design!EW", "title_en": "EN Web design!EW", "text": "EN Web design!EWEN Web design!EWEN Web design!EWEN Web design!EWEN Web design!EWEN Web design!EWEN Web design!EWEN Web design!EWEN Web design!EWEN Web design!EWEN Web design!EWEN Web design!EW", "text_ru": "EN Web design!EWEN Web design!EWEN Web design!EWEN Web design!EWEN Web design!EWEN Web design!EWEN Web design!EWEN Web design!EWEN Web design!EWEN Web design!EWEN Web design!EWEN Web design!EWEN Web design!EWEN Web design!EWEN Web design!EWEN Web design!EWEN Web design!EW", "text_uk": "EN Web design!EWEN Web design!EWEN Web design!EWEN Web design!EWEN Web design!EWEN Web design!EWEN Web design!EWEN Web design!EWEN Web design!EWEN Web design!EWEN Web design!EWEN Web design!EW", "text_en": "EN Web design!EWEN Web design!EWEN Web design!EWEN Web design!EWEN Web design!EWEN Web design!EWEN Web design!EWEN Web design!EWEN Web design!EWEN Web design!EWEN Web design!EWEN Web design!EWEN Web design!EWEN Web design!EW", "service": 11}}, {"model": "cases.case", "pk": 1, "fields": {"uuid": "ce2d8cf7-744b-4788-b35a-ac4dd4c19220", "title": "Case #1", "category": 1, "mob_image": "cases/phone.png", "full_image": "cases/article1_qBjf8Zn.png", "link": "https://www.figma.com/file/E3tDs5Z1KfNhKKGZYzB45a/ART-ADS-WEBSITE?node-id=108%3A2"}}, {"model": "cases.case", "pk": 2, "fields": {"uuid": "2216cef8-a928-40ae-9ec7-790b7c9c63a3", "title": "Case #2", "category": 2, "mob_image": "cases/phone.png", "full_image": "cases/article2.png", "link": "https://www.figma.com/file/E3tDs5Z1KfNhKKGZYzB45a/ART-ADS-WEBSITE?node-id=108%3A2"}}, {"model": "cases.category", "pk": 1, "fields": {"name": "WEB"}}, {"model": "cases.category", "pk": 2, "fields": {"name": "SEO"}}, {"model": "cases.review", "pk": 1, "fields": {"case": 1, "name": "Artes", "image": "reviews/author1_y6lJ3lN.png", "position": "founder", "text": "Great job"}}, {"model": "cases.review", "pk": 2, "fields": {"case": 2, "name": "Andr", "image": "reviews/article3.png", "position": "worker", "text": "great"}}, {"model": "articles.article", "pk": 2, "fields": {"author": 3, "category": 1, "image": "articles/article2.png", "title": "Web Design", "title_ru": "Web Design", "title_uk": null, "title_en": null, "text_before_quote": "<p>Немає нікого, хто любив би самий біль, хто б шукав його чи хотів би його зазнавати тільки через те, що він - біль...</p>", "text_before_quote_ru": "<p>Немає нікого, хто любив би самий біль, хто б шукав його чи хотів би його зазнавати тільки через те, що він - біль...</p>", "text_before_quote_uk": "<p>Немає нікого, хто любив би самий біль, хто б шукав його чи хотів би його зазнавати тільки через те, що він - біль...</p>", "text_before_quote_en": "<p>Немає нікого, хто любив би самий біль, хто б шукав його чи хотів би його зазнавати тільки через те, що він - біль...</p>", "quote": "Немає нікого, хто любив би самий біль, хто б шукав його чи хотів би його зазнавати тільки через те, що він - біль...", "quote_ru": "Немає нікого, хто любив би самий біль, хто б шукав його чи хотів би його зазнавати тільки через те, що він - біль...", "quote_uk": "Немає нікого, хто любив би самий біль, хто б шукав його чи хотів би його зазнавати тільки через те, що він - біль...", "quote_en": "Немає нікого, хто любив би самий біль, хто б шукав його чи хотів би його зазнавати тільки через те, що він - біль...", "text_after_quote": "<p>Немає нікого, хто любив би самий біль, хто б шукав його чи хотів би його зазнавати тільки через те, що він - біль...</p>", "text_after_quote_ru": "<p>Немає нікого, хто любив би самий біль, хто б шукав його чи хотів би його зазнавати тільки через те, що він - біль...Немає нікого, хто любив би самий біль, хто б шукав його чи хотів би його зазнавати тільки через те, що він - біль...</p>", "text_after_quote_uk": "<p>Немає нікого, хто любив би самий біль, хто б шукав його чи хотів би його зазнавати тільки через те, що він - біль...</p>", "text_after_quote_en": "<p>Немає нікого, хто любив би самий біль, хто б шукав його чи хотів би його зазнавати тільки через те, що він - біль...</p>", "slug": "test", "publish_date": "2021-08-09", "likes": [2, 4]}}, {"model": "articles.article", "pk": 3, "fields": {"author": 3, "category": 2, "image": "articles/article1_2Pj3fuA.png", "title": "SMM UK", "title_ru": "SSM RU", "title_uk": "SMM UK", "title_en": "SMM EN", "text_before_quote": "<p><strong>Lorem Ipsum</strong>&nbsp;- це текст-\"риба\", що використовується в друкарстві та дизайні. Lorem Ipsum є, фактично, стандартною \"рибою\" аж з XVI сторіччя, коли невідомий друкар взяв шрифтову гранку та склав на ній підбірку зразків шрифтів. \"Риба\" не тільки успішно пережила п'ять століть, але й прижилася в електронному верстуванні, залишаючись по суті незмінною. Вона популяризувалась в 60-их роках минулого сторіччя завдяки виданню зразків шрифтів Letraset, які містили уривки з Lorem Ipsum, і вдруге - нещодавно завдяки програмам комп'ютерного верстування на кшталт Aldus Pagemaker, які використовували різні версії Lorem Ipsum.</p>", "text_before_quote_ru": "<p>Каждый веб-разработчик знает, что такое текст-&laquo;рыба&raquo;. Текст этот, несмотря на название, не имеет никакого отношения к обитателям водоемов. Используется он веб-дизайнерами для вставки на интернет-страницы и демонстрации внешнего вида контента, просмотра шрифтов, абзацев, отступов и т.д. Так как цель применения такого текста исключительно демонстрационная, то и смысловую нагрузку ему нести совсем необязательно. Более того, нечитабельность текста сыграет на руку при оценке качества восприятия макета.</p>\r\n<p>Самым известным &laquo;рыбным&raquo; текстом является знаменитый Lorem ipsum. Считается, что впервые его применили в книгопечатании еще в XVI веке. Своим появлением Lorem ipsum обязан древнеримскому философу Цицерону, ведь именно из его трактата &laquo;О пределах добра и зла&raquo; средневековый книгопечатник вырвал отдельные фразы и слова, получив текст-&laquo;рыбу&raquo;, широко используемый и по сей день. Конечно, возникают некоторые вопросы, связанные с использованием Lorem ipsum на сайтах и проектах, ориентированных на кириллический контент &ndash; написание символов на латыни и на кириллице значительно различается.</p>\r\n<p>И даже с языками, использующими латинский алфавит, могут возникнуть небольшие проблемы: в различных языках те или иные буквы встречаются с разной частотой, имеется разница в длине наиболее распространенных слов. Отсюда напрашивается вывод, что все же лучше использовать в качестве &laquo;рыбы&raquo; текст на том языке, который планируется использовать при запуске проекта. Сегодня существует несколько вариантов Lorem ipsum, кроме того, есть специальные генераторы, создающие собственные варианты текста на основе оригинального трактата, благодаря чему появляется возможность получить более длинный неповторяющийся набор слов.</p>", "text_before_quote_uk": "<p><strong>Lorem Ipsum</strong>&nbsp;- це текст-\"риба\", що використовується в друкарстві та дизайні. Lorem Ipsum є, фактично, стандартною \"рибою\" аж з XVI сторіччя, коли невідомий друкар взяв шрифтову гранку та склав на ній підбірку зразків шрифтів. \"Риба\" не тільки успішно пережила п'ять століть, але й прижилася в електронному верстуванні, залишаючись по суті незмінною. Вона популяризувалась в 60-их роках минулого сторіччя завдяки виданню зразків шрифтів Letraset, які містили уривки з Lorem Ipsum, і вдруге - нещодавно завдяки програмам комп'ютерного верстування на кшталт Aldus Pagemaker, які використовували різні версії Lorem Ipsum.</p>", "text_before_quote_en": "<p>Lorem ipsum dolor sit amet. Est et iusto odio dignissimos ducimus. Officia deserunt mollitia animi, id. Ex ea voluptate velit esse, quam nihil. Accusantium doloremque laudantium, totam rem aperiam eaque ipsa, quae ab illo. Adipisci velit, sed quia consequuntur magni dolores eos, qui blanditiis praesentium voluptatum. Reiciendis voluptatibus maiores alias consequatur aut odit aut officiis debitis aut officiis. Quas molestias excepturi sint, obcaecati cupiditate.</p>\r\n<p>Aliquam quaerat voluptatem accusantium doloremque laudantium. Facilis est laborum et dolorum fuga. Nobis est eligendi optio, cumque nihil. Necessitatibus saepe eveniet, ut et quas molestias excepturi sint obcaecati. Officia deserunt mollitia animi, id. Error sit voluptatem sequi nesciunt neque. Provident, similique sunt in. Iusto odio dignissimos ducimus, qui ratione voluptatem sequi. Dolor repellendus laboriosam, nisi ut et expedita distinctio tenetur.</p>\r\n<p>Dolore magnam aliquam quaerat voluptatem accusantium doloremque laudantium totam. Ad minima veniam, quis nostrum exercitationem ullam corporis suscipit laboriosam. Suscipit laboriosam, nisi ut labore et accusamus et molestiae consequatur, vel. Vitae dicta sunt, explicabo beatae vitae dicta. Sit voluptatem accusantium doloremque laudantium. Ipsum, quia dolor sit, amet consectetur. Nihil impedit, quo minus id, quod maxime placeat, facere possimus omnis.</p>", "quote": "Duis placerat venenatis neque vitae.", "quote_ru": "Duis placerat venenatis neque vitae.", "quote_uk": "Duis placerat venenatis neque vitae.", "quote_en": "Nullam imperdiet velit commodo, tempus arcu sit amet, facilisis augue. Etiam in ligula rhoncus, consequat augue at, commodo mauris. Praesent ultricies ante maximus, pellentesque justo a, hendrerit augue. Nunc consequat, neque vitae ultrices placerat, felis justo imperdiet diam, vitae auctor.", "text_after_quote": "<p><strong>Lorem Ipsum</strong>&nbsp;- це текст-\"риба\", що використовується в друкарстві та дизайні. Lorem Ipsum є, фактично, стандартною \"рибою\" аж з XVI сторіччя, коли невідомий друкар взяв шрифтову гранку та склав на ній підбірку зразків шрифтів. \"Риба\" не тільки успішно пережила п'ять століть, але й прижилася в електронному верстуванні, залишаючись по суті незмінною. Вона популяризувалась в 60-их роках минулого сторіччя завдяки виданню зразків шрифтів Letraset, які містили уривки з Lorem Ipsum, і вдруге - нещодавно завдяки програмам комп'ютерного верстування на кшталт Aldus Pagemaker, які використовували різні версії Lorem Ipsum.</p>", "text_after_quote_ru": "<p>Каждый веб-разработчик знает, что такое текст-&laquo;рыба&raquo;. Текст этот, несмотря на название, не имеет никакого отношения к обитателям водоемов. Используется он веб-дизайнерами для вставки на интернет-страницы и демонстрации внешнего вида контента, просмотра шрифтов, абзацев, отступов и т.д. Так как цель применения такого текста исключительно демонстрационная, то и смысловую нагрузку ему нести совсем необязательно. Более того, нечитабельность текста сыграет на руку при оценке качества восприятия макета.</p>\r\n<p>Самым известным &laquo;рыбным&raquo; текстом является знаменитый Lorem ipsum. Считается, что впервые его применили в книгопечатании еще в XVI веке. Своим появлением Lorem ipsum обязан древнеримскому философу Цицерону, ведь именно из его трактата &laquo;О пределах добра и зла&raquo; средневековый книгопечатник вырвал отдельные фразы и слова, получив текст-&laquo;рыбу&raquo;, широко используемый и по сей день. Конечно, возникают некоторые вопросы, связанные с использованием Lorem ipsum на сайтах и проектах, ориентированных на кириллический контент &ndash; написание символов на латыни и на кириллице значительно различается.</p>\r\n<p>И даже с языками, использующими латинский алфавит, могут возникнуть небольшие проблемы: в различных языках те или иные буквы встречаются с разной частотой, имеется разница в длине наиболее распространенных слов. Отсюда напрашивается вывод, что все же лучше использовать в качестве &laquo;рыбы&raquo; текст на том языке, который планируется использовать при запуске проекта. Сегодня существует несколько вариантов Lorem ipsum, кроме того, есть специальные генераторы, создающие собственные варианты текста на основе оригинального трактата, благодаря чему появляется возможность получить более длинный неповторяющийся набор слов.</p>", "text_after_quote_uk": "<p><strong>Lorem Ipsum</strong>&nbsp;- це текст-\"риба\", що використовується в друкарстві та дизайні. Lorem Ipsum є, фактично, стандартною \"рибою\" аж з XVI сторіччя, коли невідомий друкар взяв шрифтову гранку та склав на ній підбірку зразків шрифтів. \"Риба\" не тільки успішно пережила п'ять століть, але й прижилася в електронному верстуванні, залишаючись по суті незмінною. Вона популяризувалась в 60-их роках минулого сторіччя завдяки виданню зразків шрифтів Letraset, які містили уривки з Lorem Ipsum, і вдруге - нещодавно завдяки програмам комп'ютерного верстування на кшталт Aldus Pagemaker, які використовували різні версії Lorem Ipsum.</p>", "text_after_quote_en": "<p>Lorem ipsum dolor sit amet. Est et iusto odio dignissimos ducimus. Officia deserunt mollitia animi, id. Ex ea voluptate velit esse, quam nihil. Accusantium doloremque laudantium, totam rem aperiam eaque ipsa, quae ab illo. Adipisci velit, sed quia consequuntur magni dolores eos, qui blanditiis praesentium voluptatum. Reiciendis voluptatibus maiores alias consequatur aut odit aut officiis debitis aut officiis. Quas molestias excepturi sint, obcaecati cupiditate.</p>\r\n<p>Aliquam quaerat voluptatem accusantium doloremque laudantium. Facilis est laborum et dolorum fuga. Nobis est eligendi optio, cumque nihil. Necessitatibus saepe eveniet, ut et quas molestias excepturi sint obcaecati. Officia deserunt mollitia animi, id. Error sit voluptatem sequi nesciunt neque. Provident, similique sunt in. Iusto odio dignissimos ducimus, qui ratione voluptatem sequi. Dolor repellendus laboriosam, nisi ut et expedita distinctio tenetur.</p>\r\n<p>Dolore magnam aliquam quaerat voluptatem accusantium doloremque laudantium totam. Ad minima veniam, quis nostrum exercitationem ullam corporis suscipit laboriosam. Suscipit laboriosam, nisi ut labore et accusamus et molestiae consequatur, vel. Vitae dicta sunt, explicabo beatae vitae dicta. Sit voluptatem accusantium doloremque laudantium. Ipsum, quia dolor sit, amet consectetur. Nihil impedit, quo minus id, quod maxime placeat, facere possimus omnis.</p>", "slug": "smm-article", "publish_date": "2021-08-10", "likes": [2, 4]}}, {"model": "articles.article", "pk": 4, "fields": {"author": 4, "category": 3, "image": "default-picture.png", "title": "Seo uk", "title_ru": "Seo ru", "title_uk": "Seo uk", "title_en": "Seo en", "text_before_quote": "<p>Seo uk</p>", "text_before_quote_ru": "<p>Seo ru</p>", "text_before_quote_uk": "<p>Seo uk</p>", "text_before_quote_en": "<p>Seo en</p>", "quote": "quote uk", "quote_ru": "quote ru", "quote_uk": "quote uk", "quote_en": "quote en", "text_after_quote": "<p>Seo uk</p>", "text_after_quote_ru": "<p>Seo ru</p>", "text_after_quote_uk": "<p>Seo uk</p>", "text_after_quote_en": "<p>Seo en</p>", "slug": "seo-article", "publish_date": "2021-08-10", "likes": [2]}}, {"model": "articles.article", "pk": 5, "fields": {"author": 2, "category": 3, "image": "default-picture.png", "title": "Title uk", "title_ru": "Title ru", "title_uk": "Title uk", "title_en": "Title en", "text_before_quote": "<p>UKLorem ipsum dolor sit amet, consectetur adipiscing elit, sed do eiusmod tempor incididunt ut labore et dolore magna aliqua. Ut enim ad minim veniam, quis nostrud exercitation ullamco laboris nisi ut aliquip ex ea commodo consequat. Duis aute irure dolor in reprehenderit in voluptate velit esse cillum dolore eu fugiat nulla pariatur. Excepteur sint occaecat cupidatat non proident, sunt in culpa qui officia deserunt mollit anim id est laborum.</p>\r\n<p>Sed ut perspiciatis unde omnis iste natus error sit voluptatem accusantium doloremque laudantium, totam rem aperiam, eaque ipsa quae ab illo inventore veritatis et quasi architecto beatae vitae dicta sunt explicabo. Nemo enim ipsam voluptatem quia voluptas sit aspernatur aut odit aut fugit, sed quia consequuntur magni dolores eos qui ratione voluptatem sequi nesciunt. Neque porro quisquam est, qui dolorem ipsum quia dolor sit amet, consectetur, adipisci velit, sed quia non numquam eius modi tempora incidunt ut labore et dolore magnam aliquam quaerat voluptatem. Ut enim ad minima veniam, quis nostrum exercitationem ullam corporis suscipit laboriosam. Sed ut perspiciatis unde omnis iste natus error sit voluptatem accusantium doloremque laudantium.</p>\r\n<p>Sed ut perspiciatis unde omnis iste natus error sit voluptatem accusantium doloremque laudantium, totam rem aperiam, eaque ipsa quae ab illo inventore veritatis et quasi architecto beatae vitae dicta sunt explicabo. Nemo enim ipsam voluptatem quia voluptas sit aspernatur aut odit aut fugit, sed quia consequuntur magni dolores eos qui ratione voluptatem sequi nesciunt. Neque porro quisquam est, qui dolorem ipsum quia dolor sit amet, consectetur, adipisci velit, sed quia non numquam eius modi tempora incidunt ut labore et dolore magnam aliquam quaerat voluptatem. Ut enim ad minima veniam, quis nostrum exercitationem ullam corporis suscipit laboriosam. Sed ut perspiciatis unde omnis iste natus error sit voluptatem accusantium doloremque laudantium.</p>", "text_before_quote_ru": "<p>RULorem ipsum dolor sit amet, consectetur adipiscing elit, sed do eiusmod tempor incididunt ut labore et dolore magna aliqua. Ut enim ad minim veniam, quis nostrud exercitation ullamco laboris nisi ut aliquip ex ea commodo consequat. Duis aute irure dolor in reprehenderit in voluptate velit esse cillum dolore eu fugiat nulla pariatur. Excepteur sint occaecat cupidatat non proident, sunt in culpa qui officia deserunt mollit anim id est laborum.</p>\r\n<p>Sed ut perspiciatis unde omnis iste natus error sit voluptatem accusantium doloremque laudantium, totam rem aperiam, eaque ipsa quae ab illo inventore veritatis et quasi architecto beatae vitae dicta sunt explicabo. Nemo enim ipsam voluptatem quia voluptas sit aspernatur aut odit aut fugit, sed quia consequuntur magni dolores eos qui ratione voluptatem sequi nesciunt. Neque porro quisquam est, qui dolorem ipsum quia dolor sit amet, consectetur, adipisci velit, sed quia non numquam eius modi tempora incidunt ut labore et dolore magnam aliquam quaerat voluptatem. Ut enim ad minima veniam, quis nostrum exercitationem ullam corporis suscipit laboriosam. Sed ut perspiciatis unde omnis iste natus error sit voluptatem accusantium doloremque laudantium.</p>\r\n<p>Sed ut perspiciatis unde omnis iste natus error sit voluptatem accusantium doloremque laudantium, totam rem aperiam, eaque ipsa quae ab illo inventore veritatis et quasi architecto beatae vitae dicta sunt explicabo. Nemo enim ipsam voluptatem quia voluptas sit aspernatur aut odit aut fugit, sed quia consequuntur magni dolores eos qui ratione voluptatem sequi nesciunt. Neque porro quisquam est, qui dolorem ipsum quia dolor sit amet, consectetur, adipisci velit, sed quia non numquam eius modi tempora incidunt ut labore et dolore magnam aliquam quaerat voluptatem. Ut enim ad minima veniam, quis nostrum exercitationem ullam corporis suscipit laboriosam. Sed ut perspiciatis unde omnis iste natus error sit voluptatem accusantium doloremque laudantium.</p>", "text_before_quote_uk": "<p>UKLorem ipsum dolor sit amet, consectetur adipiscing elit, sed do eiusmod tempor incididunt ut labore et dolore magna aliqua. Ut enim ad minim veniam, quis nostrud exercitation ullamco laboris nisi ut aliquip ex ea commodo consequat. Duis aute irure dolor in reprehenderit in voluptate velit esse cillum dolore eu fugiat nulla pariatur. Excepteur sint occaecat cupidatat non proident, sunt in culpa qui officia deserunt mollit anim id est laborum.</p>\r\n<p>Sed ut perspiciatis unde omnis iste natus error sit voluptatem accusantium doloremque laudantium, totam rem aperiam, eaque ipsa quae ab illo inventore veritatis et quasi architecto beatae vitae dicta sunt explicabo. Nemo enim ipsam voluptatem quia voluptas sit aspernatur aut odit aut fugit, sed quia consequuntur magni dolores eos qui ratione voluptatem sequi nesciunt. Neque porro quisquam est, qui dolorem ipsum quia dolor sit amet, consectetur, adipisci velit, sed quia non numquam eius modi tempora incidunt ut labore et dolore magnam aliquam quaerat voluptatem. Ut enim ad minima veniam, quis nostrum exercitationem ullam corporis suscipit laboriosam. Sed ut perspiciatis unde omnis iste natus error sit voluptatem accusantium doloremque laudantium.</p>\r\n<p>Sed ut perspiciatis unde omnis iste natus error sit voluptatem accusantium doloremque laudantium, totam rem aperiam, eaque ipsa quae ab illo inventore veritatis et quasi architecto beatae vitae dicta sunt explicabo. Nemo enim ipsam voluptatem quia voluptas sit aspernatur aut odit aut fugit, sed quia consequuntur magni dolores eos qui ratione voluptatem sequi nesciunt. Neque porro quisquam est, qui dolorem ipsum quia dolor sit amet, consectetur, adipisci velit, sed quia non numquam eius modi tempora incidunt ut labore et dolore magnam aliquam quaerat voluptatem. Ut enim ad minima veniam, quis nostrum exercitationem ullam corporis suscipit laboriosam. Sed ut perspiciatis unde omnis iste natus error sit voluptatem accusantium doloremque laudantium.</p>", "text_before_quote_en": "<p>ENLorem ipsum dolor sit amet, consectetur adipiscing elit, sed do eiusmod tempor incididunt ut labore et dolore magna aliqua. Ut enim ad minim veniam, quis nostrud exercitation ullamco laboris nisi ut aliquip ex ea commodo consequat. Duis aute irure dolor in reprehenderit in voluptate velit esse cillum dolore eu fugiat nulla pariatur. Excepteur sint occaecat cupidatat non proident, sunt in culpa qui officia deserunt mollit anim id est laborum.</p>\r\n<p>Sed ut perspiciatis unde omnis iste natus error sit voluptatem accusantium doloremque laudantium, totam rem aperiam, eaque ipsa quae ab illo inventore veritatis et quasi architecto beatae vitae dicta sunt explicabo. Nemo enim ipsam voluptatem quia voluptas sit aspernatur aut odit aut fugit, sed quia consequuntur magni dolores eos qui ratione voluptatem sequi nesciunt. Neque porro quisquam est, qui dolorem ipsum quia dolor sit amet, consectetur, adipisci velit, sed quia non numquam eius modi tempora incidunt ut labore et dolore magnam aliquam quaerat voluptatem. Ut enim ad minima veniam, quis nostrum exercitationem ullam corporis suscipit laboriosam. Sed ut perspiciatis unde omnis iste natus error sit voluptatem accusantium doloremque laudantium.</p>\r\n<p>Sed ut perspiciatis unde omnis iste natus error sit voluptatem accusantium doloremque laudantium, totam rem aperiam, eaque ipsa quae ab illo inventore veritatis et quasi architecto beatae vitae dicta sunt explicabo. Nemo enim ipsam voluptatem quia voluptas sit aspernatur aut odit aut fugit, sed quia consequuntur magni dolores eos qui ratione voluptatem sequi nesciunt. Neque porro quisquam est, qui dolorem ipsum quia dolor sit amet, consectetur, adipisci velit, sed quia non numquam eius modi tempora incidunt ut labore et dolore magnam aliquam quaerat voluptatem. Ut enim ad minima veniam, quis nostrum exercitationem ullam corporis suscipit laboriosam. Sed ut perspiciatis unde omnis iste natus error sit voluptatem accusantium doloremque laudantium.</p>", "quote": "adsdsaad", "quote_ru": "sadada", "quote_uk": "adsdsaad", "quote_en": "asdsadsadsaasdsda", "text_after_quote": "<p>UKLorem ipsum dolor sit amet, consectetur adipiscing elit, sed do eiusmod tempor incididunt ut labore et dolore magna aliqua. Ut enim ad minim veniam, quis nostrud exercitation ullamco laboris nisi ut aliquip ex ea commodo consequat. Duis aute irure dolor in reprehenderit in voluptate velit esse cillum dolore eu fugiat nulla pariatur. Excepteur sint occaecat cupidatat non proident, sunt in culpa qui officia deserunt mollit anim id est laborum.</p>\r\n<p>Sed ut perspiciatis unde omnis iste natus error sit voluptatem accusantium doloremque laudantium, totam rem aperiam, eaque ipsa quae ab illo inventore veritatis et quasi architecto beatae vitae dicta sunt explicabo. Nemo enim ipsam voluptatem quia voluptas sit aspernatur aut odit aut fugit, sed quia consequuntur magni dolores eos qui ratione voluptatem sequi nesciunt. Neque porro quisquam est, qui dolorem ipsum quia dolor sit amet, consectetur, adipisci velit, sed quia non numquam eius modi tempora incidunt ut labore et dolore magnam aliquam quaerat voluptatem. Ut enim ad minima veniam, quis nostrum exercitationem ullam corporis suscipit laboriosam. Sed ut perspiciatis unde omnis iste natus error sit voluptatem accusantium doloremque laudantium.</p>\r\n<p>UKSed ut perspiciatis unde omnis iste natus error sit voluptatem accusantium doloremque laudantium, totam rem aperiam, eaque ipsa quae ab illo inventore veritatis et quasi architecto beatae vitae dicta sunt explicabo. Nemo enim ipsam voluptatem quia voluptas sit aspernatur aut odit aut fugit, sed quia consequuntur magni dolores eos qui ratione voluptatem sequi nesciunt. Neque porro quisquam est, qui dolorem ipsum quia dolor sit amet, consectetur, adipisci velit, sed quia non numquam eius modi tempora incidunt ut labore et dolore magnam aliquam quaerat voluptatem. Ut enim ad minima veniam, quis nostrum exercitationem ullam corporis suscipit laboriosam. Sed ut perspiciatis unde omnis iste natus error sit voluptatem accusantium doloremque laudantium.</p>", "text_after_quote_ru": "<p>RULorem ipsum dolor sit amet, consectetur adipiscing elit, sed do eiusmod tempor incididunt ut labore et dolore magna aliqua. Ut enim ad minim veniam, quis nostrud exercitation ullamco laboris nisi ut aliquip ex ea commodo consequat. Duis aute irure dolor in reprehenderit in voluptate velit esse cillum dolore eu fugiat nulla pariatur. Excepteur sint occaecat cupidatat non proident, sunt in culpa qui officia deserunt mollit anim id est laborum.</p>\r\n<p>Sed ut perspiciatis unde omnis iste natus error sit voluptatem accusantium doloremque laudantium, totam rem aperiam, eaque ipsa quae ab illo inventore veritatis et quasi architecto beatae vitae dicta sunt explicabo. Nemo enim ipsam voluptatem quia voluptas sit aspernatur aut odit aut fugit, sed quia consequuntur magni dolores eos qui ratione voluptatem sequi nesciunt. Neque porro quisquam est, qui dolorem ipsum quia dolor sit amet, consectetur, adipisci velit, sed quia non numquam eius modi tempora incidunt ut labore et dolore magnam aliquam quaerat voluptatem. Ut enim ad minima veniam, quis nostrum exercitationem ullam corporis suscipit laboriosam. Sed ut perspiciatis unde omnis iste natus error sit voluptatem accusantium doloremque laudantium.</p>\r\n<p>Sed ut perspiciatis unde omnis iste natus error sit voluptatem accusantium doloremque laudantium, totam rem aperiam, eaque ipsa quae ab illo inventore veritatis et quasi architecto beatae vitae dicta sunt explicabo. Nemo enim ipsam voluptatem quia voluptas sit aspernatur aut odit aut fugit, sed quia consequuntur magni dolores eos qui ratione voluptatem sequi nesciunt. Neque porro quisquam est, qui dolorem ipsum quia dolor sit amet, consectetur, adipisci velit, sed quia non numquam eius modi tempora incidunt ut labore et dolore magnam aliquam quaerat voluptatem. Ut enim ad minima veniam, quis nostrum exercitationem ullam corporis suscipit laboriosam. Sed ut perspiciatis unde omnis iste natus error sit voluptatem accusantium doloremque laudantium.</p>", "text_after_quote_uk": "<p>UKLorem ipsum dolor sit amet, consectetur adipiscing elit, sed do eiusmod tempor incididunt ut labore et dolore magna aliqua. Ut enim ad minim veniam, quis nostrud exercitation ullamco laboris nisi ut aliquip ex ea commodo consequat. Duis aute irure dolor in reprehenderit in voluptate velit esse cillum dolore eu fugiat nulla pariatur. Excepteur sint occaecat cupidatat non proident, sunt in culpa qui officia deserunt mollit anim id est laborum.</p>\r\n<p>Sed ut perspiciatis unde omnis iste natus error sit voluptatem accusantium doloremque laudantium, totam rem aperiam, eaque ipsa quae ab illo inventore veritatis et quasi architecto beatae vitae dicta sunt explicabo. Nemo enim ipsam voluptatem quia voluptas sit aspernatur aut odit aut fugit, sed quia consequuntur magni dolores eos qui ratione voluptatem sequi nesciunt. Neque porro quisquam est, qui dolorem ipsum quia dolor sit amet, consectetur, adipisci velit, sed quia non numquam eius modi tempora incidunt ut labore et dolore magnam aliquam quaerat voluptatem. Ut enim ad minima veniam, quis nostrum exercitationem ullam corporis suscipit laboriosam. Sed ut perspiciatis unde omnis iste natus error sit voluptatem accusantium doloremque laudantium.</p>\r\n<p>UKSed ut perspiciatis unde omnis iste natus error sit voluptatem accusantium doloremque laudantium, totam rem aperiam, eaque ipsa quae ab illo inventore veritatis et quasi architecto beatae vitae dicta sunt explicabo. Nemo enim ipsam voluptatem quia voluptas sit aspernatur aut odit aut fugit, sed quia consequuntur magni dolores eos qui ratione voluptatem sequi nesciunt. Neque porro quisquam est, qui dolorem ipsum quia dolor sit amet, consectetur, adipisci velit, sed quia non numquam eius modi tempora incidunt ut labore et dolore magnam aliquam quaerat voluptatem. Ut enim ad minima veniam, quis nostrum exercitationem ullam corporis suscipit laboriosam. Sed ut perspiciatis unde omnis iste natus error sit voluptatem accusantium doloremque laudantium.</p>", "text_after_quote_en": "<p>ENLorem ipsum dolor sit amet, consectetur adipiscing elit, sed do eiusmod tempor incididunt ut labore et dolore magna aliqua. Ut enim ad minim veniam, quis nostrud exercitation ullamco laboris nisi ut aliquip ex ea commodo consequat. Duis aute irure dolor in reprehenderit in voluptate velit esse cillum dolore eu fugiat nulla pariatur. Excepteur sint occaecat cupidatat non proident, sunt in culpa qui officia deserunt mollit anim id est laborum.</p>\r\n<p>Sed ut perspiciatis unde omnis iste natus error sit voluptatem accusantium doloremque laudantium, totam rem aperiam, eaque ipsa quae ab illo inventore veritatis et quasi architecto beatae vitae dicta sunt explicabo. Nemo enim ipsam voluptatem quia voluptas sit aspernatur aut odit aut fugit, sed quia consequuntur magni dolores eos qui ratione voluptatem sequi nesciunt. Neque porro quisquam est, qui dolorem ipsum quia dolor sit amet, consectetur, adipisci velit, sed quia non numquam eius modi tempora incidunt ut labore et dolore magnam aliquam quaerat voluptatem. Ut enim ad minima veniam, quis nostrum exercitationem ullam corporis suscipit laboriosam. Sed ut perspiciatis unde omnis iste natus error sit voluptatem accusantium doloremque laudantium.</p>\r\n<p>Sed ut perspiciatis unde omnis iste natus error sit voluptatem accusantium doloremque laudantium, totam rem aperiam, eaque ipsa quae ab illo inventore veritatis et quasi architecto beatae vitae dicta sunt explicabo. Nemo enim ipsam voluptatem quia voluptas sit aspernatur aut odit aut fugit, sed quia consequuntur magni dolores eos qui ratione voluptatem sequi nesciunt. Neque porro quisquam est, qui dolorem ipsum quia dolor sit amet, consectetur, adipisci velit, sed quia non numquam eius modi tempora incidunt ut labore et dolore magnam aliquam quaerat voluptatem. Ut enim ad minima veniam, quis nostrum exercitationem ullam corporis suscipit laboriosam. Sed ut perspiciatis unde omnis iste natus error sit voluptatem accusantium doloremque laudantium.</p>", "slug": "dssd", "publish_date": "2021-08-10", "likes": [2]}}, {"model": "articles.article", "pk": 11, "fields": {"author": 2, "category": 1, "image": "default-picture.png", "title": "dd", "title_ru": "sddd", "title_uk": "dd", "title_en": "dd", "text_before_quote": "<p>d</p>", "text_before_quote_ru": "<p>d</p>", "text_before_quote_uk": "<p>d</p>", "text_before_quote_en": "<p>d</p>", "quote": "d", "quote_ru": "d", "quote_uk": "d", "quote_en": "d", "text_after_quote": "<p>d</p>", "text_after_quote_ru": "<p>d</p>", "text_after_quote_uk": "<p>d</p>", "text_after_quote_en": "<p>d</p>", "slug": "sddd", "publish_date": "2021-08-14", "likes": []}}, {"model": "articles.articleviews", "pk": 1, "fields": {"IPAddres": "127.0.0.1", "article": 2}}, {"model": "articles.articleviews", "pk": 2, "fields": {"IPAddres": "127.0.0.1", "article": 3}}, {"model": "articles.articleviews", "pk": 3, "fields": {"IPAddres": "127.0.0.1", "article": 4}}, {"model": "articles.articleviews", "pk": 4, "fields": {"IPAddres": "127.0.0.1", "article": 5}}, {"model": "articles.articleviews", "pk": 5, "fields": {"IPAddres": "172.20.0.1", "article": 2}}, {"model": "articles.articleviews", "pk": 6, "fields": {"IPAddres": "172.21.0.1", "article": 3}}, {"model": "articles.articleviews", "pk": 7, "fields": {"IPAddres": "172.21.0.1", "article": 5}}, {"model": "articles.articleviews", "pk": 8, "fields": {"IPAddres": "172.21.0.1", "article": 2}}, {"model": "articles.articleviews", "pk": 10, "fields": {"IPAddres": "192.168.16.1", "article": 4}}, {"model": "articles.articleviews", "pk": 11, "fields": {"IPAddres": "192.168.176.1", "article": 3}}, {"model": "articles.articleviews", "pk": 12, "fields": {"IPAddres": "172.26.0.4", "article": 3}}, {"model": "articles.articlerating", "pk": 26, "fields": {"article": 2, "user": 4, "rating": 2}}, {"model": "articles.articlerating", "pk": 27, "fields": {"article": 2, "user": 2, "rating": 5}}, {"model": "articles.articlerating", "pk": 28, "fields": {"article": 3, "user": 2, "rating": 3}}, {"model": "articles.articlerating", "pk": 29, "fields": {"article": 4, "user": 2, "rating": 5}}, {"model": "articles.articlerating", "pk": 30, "fields": {"article": 5, "user": 2, "rating": 5}}, {"model": "articles.comment", "pk": 1, "fields": {"user": 3, "article": 3, "parent": null, "status": 0, "text": "test comment", "pub_date": "2021-08-09T20:20:42.282Z"}}, {"model": "articles.comment", "pk": 2, "fields": {"user": 3, "article": 3, "parent": null, "status": 0, "text": "test", "pub_date": "2021-08-09T20:33:55.060Z"}}, {"model": "articles.comment", "pk": 3, "fields": {"user": 3, "article": 3, "parent": null, "status": 0, "text": "test", "pub_date": "2021-08-09T20:34:20.223Z"}}, {"model": "articles.comment", "pk": 4, "fields": {"user": 3, "article": 2, "parent": null, "status": 0, "text": "asas", "pub_date": "2021-08-09T21:20:46.630Z"}}, {"model": "articles.comment", "pk": 5, "fields": {"user": 3, "article": 2, "parent": null, "status": 0, "text": "dfd", "pub_date": "2021-08-09T22:23:23.374Z"}}, {"model": "articles.comment", "pk": 6, "fields": {"user": 3, "article": 2, "parent": null, "status": 1, "text": "comment to article", "pub_date": "2021-08-09T22:24:02.094Z"}}, {"model": "articles.comment", "pk": 7, "fields": {"user": 2, "article": 3, "parent": null, "status": 1, "text": "sdssddsds", "pub_date": "2021-08-09T22:26:05.368Z"}}, {"model": "articles.comment", "pk": 8, "fields": {"user": 2, "article": 3, "parent": null, "status": 1, "text": "Comment Check", "pub_date": "2021-08-09T22:28:21.364Z"}}, {"model": "articles.comment", "pk": 9, "fields": {"user": 2, "article": 2, "parent": null, "status": 1, "text": "sdfsdfdsfs", "pub_date": "2021-08-09T22:41:37.622Z"}}, {"model": "articles.comment", "pk": 10, "fields": {"user": 2, "article": 2, "parent": null, "status": 1, "text": "asassa", "pub_date": "2021-08-09T22:51:58.604Z"}}, {"model": "articles.comment", "pk": 11, "fields": {"user": 4, "article": 3, "parent": null, "status": 0, "text": "test", "pub_date": "2021-08-10T01:25:39.165Z"}}, {"model": "articles.comment", "pk": 12, "fields": {"user": 2, "article": 3, "parent": null, "status": 0, "text": "sdsd", "pub_date": "2021-08-10T01:28:16.439Z"}}, {"model": "articles.comment", "pk": 13, "fields": {"user": 2, "article": 3, "parent": null, "status": 0, "text": "sddssd", "pub_date": "2021-08-10T01:28:28.148Z"}}, {"model": "articles.comment", "pk": 17, "fields": {"user": 2, "article": 3, "parent": null, "status": 0, "text": "dssds", "pub_date": "2021-08-10T01:34:19.124Z"}}, {"model": "articles.comment", "pk": 18, "fields": {"user": 2, "article": 3, "parent": null, "status": 0, "text": "trstr", "pub_date": "2021-08-10T01:35:48.326Z"}}, {"model": "articles.comment", "pk": 19, "fields": {"user": 2, "article": 3, "parent": null, "status": 0, "text": "trstr", "pub_date": "2021-08-10T01:37:04.479Z"}}, {"model": "articles.comment", "pk": 20, "fields": {"user": 2, "article": 3, "parent": null, "status": 0, "text": "trstr", "pub_date": "2021-08-10T01:37:52.951Z"}}, {"model": "articles.comment", "pk": 21, "fields": {"user": 2, "article": 3, "parent": null, "status": 0, "text": "sddss", "pub_date": "2021-08-10T01:38:15.722Z"}}, {"model": "articles.comment", "pk": 22, "fields": {"user": 2, "article": 2, "parent": null, "status": 0, "text": "dssdds", "pub_date": "2021-08-10T01:50:31.879Z"}}, {"model": "articles.comment", "pk": 23, "fields": {"user": 2, "article": 2, "parent": null, "status": 0, "text": "asas", "pub_date": "2021-08-10T01:53:21.266Z"}}, {"model": "articles.comment", "pk": 24, "fields": {"user": 2, "article": 2, "parent": null, "status": 0, "text": "tests", "pub_date": "2021-08-10T01:54:57.564Z"}}, {"model": "articles.comment", "pk": 25, "fields": {"user": 2, "article": 2, "parent": null, "status": 0, "text": "sdds", "pub_date": "2021-08-10T02:05:14.121Z"}}, {"model": "articles.comment", "pk": 26, "fields": {"user": 2, "article": 2, "parent": null, "status": 0, "text": "sdds", "pub_date": "2021-08-10T02:06:44.252Z"}}, {"model": "articles.comment", "pk": 27, "fields": {"user": 2, "article": 2, "parent": null, "status": 0, "text": "sdds", "pub_date": "2021-08-10T02:06:52.535Z"}}, {"model": "articles.comment", "pk": 28, "fields": {"user": 4, "article": 2, "parent": 9, "status": 0, "text": "asasas", "pub_date": "2021-08-10T02:13:00.898Z"}}, {"model": "articles.comment", "pk": 29, "fields": {"user": 4, "article": 2, "parent": 9, "status": 0, "text": "Ewssd", "pub_date": "2021-08-10T02:13:29.977Z"}}, {"model": "articles.comment", "pk": 30, "fields": {"user": 4, "article": 2, "parent": 9, "status": 0, "text": "Ewssd", "pub_date": "2021-08-10T02:14:09.712Z"}}, {"model": "articles.comment", "pk": 31, "fields": {"user": 2, "article": 2, "parent": null, "status": 0, "text": "dffdfd", "pub_date": "2021-08-10T02:17:18.984Z"}}, {"model": "articles.comment", "pk": 32, "fields": {"user": 2, "article": 2, "parent": 6, "status": 0, "text": "sddsdsasaa", "pub_date": "2021-08-10T02:32:08.803Z"}}, {"model": "articles.comment", "pk": 33, "fields": {"user": 2, "article": 2, "parent": 6, "status": 1, "text": "sdsddsdsdsds", "pub_date": "2021-08-10T02:36:09.035Z"}}, {"model": "articles.comment", "pk": 34, "fields": {"user": 2, "article": 2, "parent": 33, "status": 0, "text": "text dsddssd", "pub_date": "2021-08-10T02:37:50.756Z"}}, {"model": "articles.comment", "pk": 35, "fields": {"user": 2, "article": 2, "parent": 6, "status": 1, "text": "atvechay", "pub_date": "2021-08-10T02:39:58.676Z"}}, {"model": "articles.comment", "pk": 37, "fields": {"user": 2, "article": 2, "parent": 6, "status": 1, "text": "Lol hello", "pub_date": "2021-08-10T20:00:39.831Z"}}, {"model": "articles.comment", "pk": 38, "fields": {"user": 2, "article": 2, "parent": 6, "status": 1, "text": "dssddsdssd", "pub_date": "2021-08-10T20:02:17.979Z"}}, {"model": "articles.comment", "pk": 39, "fields": {"user": 4, "article": 2, "parent": 6, "status": 0, "text": "dssdsd", "pub_date": "2021-08-10T20:10:11.114Z"}}, {"model": "articles.comment", "pk": 40, "fields": {"user": 4, "article": 2, "parent": 6, "status": 0, "text": "dssd", "pub_date": "2021-08-10T21:29:22.440Z"}}, {"model": "articles.comment", "pk": 41, "fields": {"user": 4, "article": 2, "parent": 6, "status": 0, "text": "text", "pub_date": "2021-08-10T21:29:45.992Z"}}, {"model": "articles.comment", "pk": 42, "fields": {"user": 4, "article": 2, "parent": 6, "status": 0, "text": "tess", "pub_date": "2021-08-10T21:31:21.390Z"}}, {"model": "articles.comment", "pk": 43, "fields": {"user": 4, "article": 2, "parent": 6, "status": 0, "text": "tees", "pub_date": "2021-08-10T21:32:15.272Z"}}, {"model": "articles.comment", "pk": 44, "fields": {"user": 2, "article": 2, "parent": 6, "status": 0, "text": "tesdts", "pub_date": "2021-08-10T21:51:34.842Z"}}, {"model": "articles.comment", "pk": 45, "fields": {"user": 2, "article": 2, "parent": 6, "status": 0, "text": "test", "pub_date": "2021-08-10T21:53:21.721Z"}}, {"model": "articles.comment", "pk": 46, "fields": {"user": 2, "article": 2, "parent": 6, "status": 0, "text": "weewwe", "pub_date": "2021-08-10T21:55:52.026Z"}}, {"model": "articles.comment", "pk": 47, "fields": {"user": 2, "article": 2, "parent": 6, "status": 0, "text": "assasa", "pub_date": "2021-08-10T21:58:03.203Z"}}, {"model": "articles.comment", "pk": 48, "fields": {"user": 2, "article": 2, "parent": 6, "status": 0, "text": "asassa", "pub_date": "2021-08-10T21:58:37.110Z"}}, {"model": "articles.comment", "pk": 49, "fields": {"user": 2, "article": 3, "parent": 7, "status": 0, "text": "dssd", "pub_date": "2021-08-11T20:59:14.191Z"}}, {"model": "articles.comment", "pk": 50, "fields": {"user": 2, "article": 3, "parent": 7, "status": 0, "text": "sdsd", "pub_date": "2021-08-11T20:59:19.050Z"}}, {"model": "articles.comment", "pk": 51, "fields": {"user": 2, "article": 3, "parent": 7, "status": 0, "text": "sdds", "pub_date": "2021-08-11T21:00:19.206Z"}}, {"model": "articles.comment", "pk": 52, "fields": {"user": 2, "article": 3, "parent": 7, "status": 0, "text": "assa", "pub_date": "2021-08-11T21:00:48.186Z"}}, {"model": "articles.comment", "pk": 53, "fields": {"user": 2, "article": 4, "parent": null, "status": 0, "text": "ssssd", "pub_date": "2021-08-11T21:35:53.913Z"}}, {"model": "articles.comment", "pk": 54, "fields": {"user": 2, "article": 3, "parent": 7, "status": 1, "text": "good article i agree", "pub_date": "2021-08-12T20:35:13.161Z"}}, {"model": "articles.comment", "pk": 55, "fields": {"user": 2, "article": 2, "parent": null, "status": 0, "text": "тесто", "pub_date": "2021-08-12T22:13:12.966Z"}}]